
                         MODELLER 9.15, 2015/05/19, r10497

     PROTEIN STRUCTURE MODELLING BY SATISFACTION OF SPATIAL RESTRAINTS


                     Copyright(c) 1989-2015 Andrej Sali
                            All Rights Reserved

                             Written by A. Sali
                               with help from
              B. Webb, M.S. Madhusudhan, M-Y. Shen, G.Q. Dong,
          M.A. Marti-Renom, N. Eswar, F. Alber, M. Topf, B. Oliva,
             A. Fiser, R. Sanchez, B. Yerkovich, A. Badretdinov,
                     F. Melo, J.P. Overington, E. Feyfant
                 University of California, San Francisco, USA
                    Rockefeller University, New York, USA
                      Harvard University, Cambridge, USA
                   Imperial Cancer Research Fund, London, UK
              Birkbeck College, University of London, London, UK


Kind, OS, HostName, Kernel, Processor: 4, Linux kb-bioinfo01 4.4.0-109-generic x86_64
Date and time of compilation         : 2015/05/19 10:14:57
MODELLER executable type             : x86_64-intel8
Job starting time (YY/MM/DD HH:MM:SS): 2018/04/03 17:17:53

openf___224_> Open           $(LIB)/restyp.lib
openf___224_> Open           ${MODINSTALL9v15}/modlib/resgrp.lib
rdresgr_266_> Number of residue groups:        2
openf___224_> Open           ${MODINSTALL9v15}/modlib/sstruc.lib

Dynamically allocated memory at   amaxlibraries [B,KiB,MiB]:       191566     187.076     0.183

Dynamically allocated memory at   amaxlibraries [B,KiB,MiB]:       192094     187.592     0.183
openf___224_> Open           ${MODINSTALL9v15}/modlib/resdih.lib

Dynamically allocated memory at   amaxlibraries [B,KiB,MiB]:       240694     235.053     0.230
rdrdih__263_> Number of dihedral angle types         :        9
              Maximal number of dihedral angle optima:        3
              Dihedral angle names                   :  Alph Phi Psi Omeg chi1 chi2 chi3 chi4 chi5
openf___224_> Open           ${MODINSTALL9v15}/modlib/radii.lib

Dynamically allocated memory at   amaxlibraries [B,KiB,MiB]:       253994     248.041     0.242
openf___224_> Open           ${MODINSTALL9v15}/modlib/radii14.lib
openf___224_> Open           ${MODINSTALL9v15}/modlib/af_mnchdef.lib
rdwilmo_274_> Mainchain residue conformation classes:  APBLE
openf___224_> Open           ${MODINSTALL9v15}/modlib/mnch.lib
rdclass_257_> Number of classes:        5
openf___224_> Open           ${MODINSTALL9v15}/modlib/mnch1.lib
openf___224_> Open           ${MODINSTALL9v15}/modlib/mnch2.lib
openf___224_> Open           ${MODINSTALL9v15}/modlib/mnch3.lib
openf___224_> Open           ${MODINSTALL9v15}/modlib/xs4.mat
rdrrwgh_268_> Number of residue types:       21
openf___224_> Open           ../data/5uulpuma_bcl2a1gzmb.ali

Dynamically allocated memory at   amaxalignment [B,KiB,MiB]:       265475     259.253     0.253

Dynamically allocated memory at   amaxalignment [B,KiB,MiB]:       266925     260.669     0.255

Dynamically allocated memory at   amaxalignment [B,KiB,MiB]:       269825     263.501     0.257

Dynamically allocated memory at   amaxalignment [B,KiB,MiB]:       331081     323.321     0.316

Dynamically allocated memory at    amaxsequence [B,KiB,MiB]:       331109     323.349     0.316

Dynamically allocated memory at    amaxsequence [B,KiB,MiB]:       331137     323.376     0.316

Dynamically allocated memory at    amaxsequence [B,KiB,MiB]:       331829     324.052     0.316

Dynamically allocated memory at    amaxsequence [B,KiB,MiB]:       332521     324.728     0.317

Read the alignment from file       : ../data/5uulpuma_bcl2a1gzmb.ali
Total number of alignment positions:   174

  #  Code        #_Res #_Segm PDB_code    Name
-------------------------------------------------------------------------------
  1  5uul_temp     174      2 5uul_temp.p
  2  bcl2a1_gz     174      2 bcl2a1_gzmb
check_a_343_> >> BEGINNING OF COMMAND
openf___224_> Open           ../data/5uul_temp.pdb

Dynamically allocated memory at amaxcoordinates [B,KiB,MiB]:       386446     377.389     0.369

Dynamically allocated memory at    amaxsequence [B,KiB,MiB]:       386446     377.389     0.369

Dynamically allocated memory at amaxcoordinates [B,KiB,MiB]:       386617     377.556     0.369

Dynamically allocated memory at amaxcoordinates [B,KiB,MiB]:       387467     378.386     0.370

Dynamically allocated memory at amaxcoordinates [B,KiB,MiB]:       388725     379.614     0.371

Dynamically allocated memory at amaxcoordinates [B,KiB,MiB]:       390629     381.474     0.373

Dynamically allocated memory at amaxcoordinates [B,KiB,MiB]:       393485     384.263     0.375

Dynamically allocated memory at    amaxsequence [B,KiB,MiB]:       393485     384.263     0.375

Dynamically allocated memory at amaxcoordinates [B,KiB,MiB]:       393575     384.351     0.375

Dynamically allocated memory at    amaxsequence [B,KiB,MiB]:       393575     384.351     0.375

Dynamically allocated memory at amaxcoordinates [B,KiB,MiB]:       393710     384.482     0.375

Dynamically allocated memory at amaxcoordinates [B,KiB,MiB]:       397994     388.666     0.380

Dynamically allocated memory at    amaxsequence [B,KiB,MiB]:       397994     388.666     0.380

Dynamically allocated memory at amaxcoordinates [B,KiB,MiB]:       398192     388.859     0.380

Dynamically allocated memory at amaxcoordinates [B,KiB,MiB]:       404618     395.135     0.386

Dynamically allocated memory at    amaxsequence [B,KiB,MiB]:       404618     395.135     0.386

Dynamically allocated memory at amaxcoordinates [B,KiB,MiB]:       404915     395.425     0.386

Dynamically allocated memory at amaxcoordinates [B,KiB,MiB]:       414537     404.821     0.395

Dynamically allocated memory at    amaxsequence [B,KiB,MiB]:       414537     404.821     0.395

Dynamically allocated memory at amaxcoordinates [B,KiB,MiB]:       414987     405.261     0.396

Dynamically allocated memory at amaxcoordinates [B,KiB,MiB]:       429437     419.372     0.410

Dynamically allocated memory at    amaxsequence [B,KiB,MiB]:       429437     419.372     0.410

Dynamically allocated memory at amaxcoordinates [B,KiB,MiB]:       430112     420.031     0.410

Dynamically allocated memory at    amaxsequence [B,KiB,MiB]:       430112     420.031     0.410

Dynamically allocated memory at amaxcoordinates [B,KiB,MiB]:       430112     420.031     0.410

Dynamically allocated memory at amaxcoordinates [B,KiB,MiB]:       451770     441.182     0.431

Dynamically allocated memory at   amaxstructure [B,KiB,MiB]:       451311     440.733     0.430

check_ali___> Checking the sequence-structure alignment. 

Implied target CA(i)-CA(i+1) distances longer than  8.0 angstroms:

ALN_POS  TMPL  RID1  RID2  NAM1  NAM2     DIST
----------------------------------------------
    151     1  151     1      K     A   40.637
END OF TABLE
check_a_344_> << END OF COMMAND
openf___224_> Open           ${LIB}/top_heav.lib
read_to_681_> topology.submodel read from topology file:        3
openf___224_> Open           ${LIB}/par.lib

Dynamically allocated memory at  amaxparameters [B,KiB,MiB]:       590563     576.722     0.563

Dynamically allocated memory at  amaxparameters [B,KiB,MiB]:       592163     578.284     0.565

Dynamically allocated memory at  amaxparameters [B,KiB,MiB]:       596143     582.171     0.569

Dynamically allocated memory at  amaxparameters [B,KiB,MiB]:       598143     584.124     0.570

Dynamically allocated memory at  amaxparameters [B,KiB,MiB]:       601143     587.054     0.573

Dynamically allocated memory at  amaxparameters [B,KiB,MiB]:       605643     591.448     0.578

Dynamically allocated memory at  amaxparameters [B,KiB,MiB]:       611215     596.890     0.583

Dynamically allocated memory at  amaxparameters [B,KiB,MiB]:       614015     599.624     0.586

Dynamically allocated memory at  amaxparameters [B,KiB,MiB]:       618215     603.726     0.590

Dynamically allocated memory at  amaxparameters [B,KiB,MiB]:       624515     609.878     0.596

Dynamically allocated memory at  amaxparameters [B,KiB,MiB]:       627287     612.585     0.598

Dynamically allocated memory at  amaxparameters [B,KiB,MiB]:       628687     613.952     0.600
read_pa_232_> parameters    BONDS   ANGLS  DIHEDS IMPROPS    MODE
                              227     561     661     112       0

Dynamically allocated memory at       amaxmodel [B,KiB,MiB]:       652237     636.950     0.622

Dynamically allocated memory at       amaxmodel [B,KiB,MiB]:       773953     755.813     0.738

Dynamically allocated memory at       amaxmodel [B,KiB,MiB]:       792337     773.767     0.756

mkilst______> segment topology constructed from sequence and RTF:
              segments residues atoms bonds angles dihedrals impropers:
                     1      151  1223  1248      0         0       525

Dynamically allocated memory at       amaxmodel [B,KiB,MiB]:       844333     824.544     0.805

patch_______> segment topology patched using RTF:     1  ;  MET  ;  NTER
              segments residues atoms bonds angles dihedrals impropers:
                     1      151  1223  1248   1686      1987       525


Dynamically allocated memory at       amaxmodel [B,KiB,MiB]:       897709     876.669     0.856
patch_______> segment topology patched using RTF:   151  ;  LYS  ;  CTER
              segments residues atoms bonds angles dihedrals impropers:
                     1      151  1224  1249   1688      1989       526

genseg______> segment topology constructed from sequence and RTF:
              segments residues atoms bonds angles dihedrals impropers:
                     1      151  1224  1249   1688      1989       526

Dynamically allocated memory at    amaxsequence [B,KiB,MiB]:       897737     876.696     0.856

Dynamically allocated memory at       amaxmodel [B,KiB,MiB]:       901348     880.223     0.860

Dynamically allocated memory at       amaxmodel [B,KiB,MiB]:       918890     897.354     0.876

Dynamically allocated memory at       amaxmodel [B,KiB,MiB]:       922562     900.939     0.880

mkilst______> segment topology constructed from sequence and RTF:
              segments residues atoms bonds angles dihedrals impropers:
                     2      174  1402  1429   1688      1989       589

Dynamically allocated memory at       amaxmodel [B,KiB,MiB]:       929966     908.170     0.887

patch_______> segment topology patched using RTF:   152  ;  ALA  ;  NTER
              segments residues atoms bonds angles dihedrals impropers:
                     2      174  1402  1429   1929      2271       589


Dynamically allocated memory at       amaxmodel [B,KiB,MiB]:       940662     918.615     0.897
patch_______> segment topology patched using RTF:   174  ;  GLN  ;  CTER
              segments residues atoms bonds angles dihedrals impropers:
                     2      174  1403  1430   1931      2273       590

genseg______> segment topology constructed from sequence and RTF:
              segments residues atoms bonds angles dihedrals impropers:
                     2      174  1403  1430   1931      2273       590
transfe_506_> MODEL is an average of all templates.
transfe_511_> Number of templates for coordinate transfer:        1
              After transferring coordinates of the equivalent template atoms,
              there are defined, undefined atoms in MODEL:     1362       41
openf___224_> Open           bcl2a1_gzmb.ini
wrpdb___568_> Residues, atoms, selected atoms:      174     1403     1403
make_re_417_> Restraint type to be calculated:  stereo

Dynamically allocated memory at  amaxrestraints [B,KiB,MiB]:      1047707    1023.151     0.999

Dynamically allocated memory at  amaxrestraints [B,KiB,MiB]:      1055899    1031.151     1.007

Dynamically allocated memory at  amaxrestraints [B,KiB,MiB]:      1072283    1047.151     1.023

Dynamically allocated memory at  amaxrestraints [B,KiB,MiB]:      1105051    1079.151     1.054

Dynamically allocated memory at  amaxrestraints [B,KiB,MiB]:      1137819    1111.151     1.085

Dynamically allocated memory at  amaxrestraints [B,KiB,MiB]:      1203355    1175.151     1.148

Dynamically allocated memory at  amaxrestraints [B,KiB,MiB]:      1236123    1207.151     1.179

Dynamically allocated memory at  amaxrestraints [B,KiB,MiB]:      1268891    1239.151     1.210

Dynamically allocated memory at  amaxrestraints [B,KiB,MiB]:      1334427    1303.151     1.273

Dynamically allocated memory at  amaxrestraints [B,KiB,MiB]:      1465499    1431.151     1.398

Dynamically allocated memory at  amaxrestraints [B,KiB,MiB]:      1531035    1495.151     1.460
r_stere_606_> Stereochemical restraints were constructed from RTF & PRMF.
              Added bond,angle,dihedral,improper restraints  :     1430    1931    2162     582
              Total number of restraints before, now         :        0     6105
make_re_422_> Number of previous, current restraints         :        0     6105
make_re_423_> Number of previous, current selected restraints:        0     6105
make_re_417_> Restraint type to be calculated:  phi-psi_binormal

Dynamically allocated memory at   amaxstructure [B,KiB,MiB]:      1631942    1593.693     1.556
openf___224_> Open           ${MODINSTALL9v15}/modlib/mnch1.bin
openf___224_> Open           ${MODINSTALL9v15}/modlib/mnch1.mdt
getdata_643_> Protein accepted:  5uul_temp.pdb
getdata_289_> Proteins (all/accepted):        1        1
make_re_422_> Number of previous, current restraints         :     6105     6275
make_re_423_> Number of previous, current selected restraints:     6105     6275
make_re_417_> Restraint type to be calculated:  omega_dihedral

Dynamically allocated memory at   amaxstructure [B,KiB,MiB]:      1631958    1593.709     1.556
openf___224_> Open           ${MODINSTALL9v15}/modlib/omega.bin
openf___224_> Open           ${MODINSTALL9v15}/modlib/omega.mdt
getdata_643_> Protein accepted:  5uul_temp.pdb
getdata_289_> Proteins (all/accepted):        1        1
omgdel__425_> Unselected all O C +N +CA dihedrals:      180
              (This is to avoid clashes between STEREO
              and OMEGA_DIHEDRAL restraints)
make_re_422_> Number of previous, current restraints         :     6275     6447
make_re_423_> Number of previous, current selected restraints:     6275     6267
make_re_417_> Restraint type to be calculated:  chi1_dihedral

Dynamically allocated memory at   amaxstructure [B,KiB,MiB]:      1631958    1593.709     1.556
openf___224_> Open           ${MODINSTALL9v15}/modlib/chi1234.bin
openf___224_> Open           ${MODINSTALL9v15}/modlib/chi1.mdt
getdata_643_> Protein accepted:  5uul_temp.pdb
getdata_289_> Proteins (all/accepted):        1        1

Dynamically allocated memory at  amaxrestraints [B,KiB,MiB]:      1697494    1657.709     1.619
make_re_422_> Number of previous, current restraints         :     6447     6601
make_re_423_> Number of previous, current selected restraints:     6267     6421
make_re_417_> Restraint type to be calculated:  chi2_dihedral

Dynamically allocated memory at   amaxstructure [B,KiB,MiB]:      1697494    1657.709     1.619
openf___224_> Open           ${MODINSTALL9v15}/modlib/chi1234.bin
openf___224_> Open           ${MODINSTALL9v15}/modlib/chi2.mdt
getdata_643_> Protein accepted:  5uul_temp.pdb
getdata_289_> Proteins (all/accepted):        1        1
make_re_422_> Number of previous, current restraints         :     6601     6720
make_re_423_> Number of previous, current selected restraints:     6421     6540
make_re_417_> Restraint type to be calculated:  chi3_dihedral

Dynamically allocated memory at   amaxstructure [B,KiB,MiB]:      1697494    1657.709     1.619
openf___224_> Open           ${MODINSTALL9v15}/modlib/chi1234.bin
openf___224_> Open           ${MODINSTALL9v15}/modlib/chi3.mdt
getdata_643_> Protein accepted:  5uul_temp.pdb
getdata_289_> Proteins (all/accepted):        1        1
make_re_422_> Number of previous, current restraints         :     6720     6779
make_re_423_> Number of previous, current selected restraints:     6540     6599
make_re_417_> Restraint type to be calculated:  chi4_dihedral

Dynamically allocated memory at   amaxstructure [B,KiB,MiB]:      1697494    1657.709     1.619
openf___224_> Open           ${MODINSTALL9v15}/modlib/chi1234.bin
openf___224_> Open           ${MODINSTALL9v15}/modlib/chi4.mdt
mdtrsr__446W> A potential that relies on one protein is used, yet you have at
              least one known structure available. MDT, not library, potential is used.
getdata_643_> Protein accepted:  5uul_temp.pdb
getdata_289_> Proteins (all/accepted):        1        1
make_re_422_> Number of previous, current restraints         :     6779     6802
make_re_423_> Number of previous, current selected restraints:     6599     6622
make_re_417_> Restraint type to be calculated:  DISTANCE

Dynamically allocated memory at amaxhash_contac [B,KiB,MiB]:      2101522    2052.268     2.004

Dynamically allocated memory at  amaxrestraints [B,KiB,MiB]:      2232594    2180.268     2.129

Dynamically allocated memory at  amaxrestraints [B,KiB,MiB]:      2363666    2308.268     2.254

Dynamically allocated memory at  amaxrestraints [B,KiB,MiB]:      2625810    2564.268     2.504
make_re_422_> Number of previous, current restraints         :     6802    10216
make_re_423_> Number of previous, current selected restraints:     6622    10036
make_re_417_> Restraint type to be calculated:  DISTANCE

Dynamically allocated memory at  amaxrestraints [B,KiB,MiB]:      2756882    2692.268     2.629
make_re_422_> Number of previous, current restraints         :    10216    13556
make_re_423_> Number of previous, current selected restraints:    10036    13376
make_re_417_> Restraint type to be calculated:  DISTANCE
make_re_422_> Number of previous, current restraints         :    13556    15990
make_re_423_> Number of previous, current selected restraints:    13376    15810
make_re_417_> Restraint type to be calculated:  DISTANCE

Dynamically allocated memory at  amaxrestraints [B,KiB,MiB]:      3019026    2948.268     2.879
make_re_422_> Number of previous, current restraints         :    15990    17710
make_re_423_> Number of previous, current selected restraints:    15810    17530
0 atoms in HETATM/BLK residues constrained
to protein atoms within 2.30 angstroms
and protein CA atoms within 10.00 angstroms
make_re_417_> Restraint type to be calculated:  DISTANCE
make_re_422_> Number of previous, current restraints         :    17710    17710
make_re_423_> Number of previous, current selected restraints:    17530    17530
make_re_417_> Restraint type to be calculated:  DISTANCE
make_re_422_> Number of previous, current restraints         :    17710    17710
make_re_423_> Number of previous, current selected restraints:    17530    17530
make_re_417_> Restraint type to be calculated:  DISTANCE
make_re_422_> Number of previous, current restraints         :    17710    17710
make_re_423_> Number of previous, current selected restraints:    17530    17530
make_re_417_> Restraint type to be calculated:  DISTANCE
make_re_422_> Number of previous, current restraints         :    17710    17710
make_re_423_> Number of previous, current selected restraints:    17530    17530
0 atoms in residues without defined topology
constrained to be rigid bodies
make_re_417_> Restraint type to be calculated:  DISTANCE
make_re_422_> Number of previous, current restraints         :    17710    17710
make_re_423_> Number of previous, current selected restraints:    17530    17530
rmdupl__427_>     1073 redundant cosine dihedral restraints were unselected.
condens_443_> Restraints marked for deletion were removed.
              Total number of restraints before, now:    17711    16458
openf___224_> Open           bcl2a1_gzmb.rsr
openf___224_> Open           bcl2a1_gzmb.rsr

Dynamically allocated memory at  amaxrestraints [B,KiB,MiB]:      2991836    2921.715     2.853

Dynamically allocated memory at  amaxrestraints [B,KiB,MiB]:      3385052    3305.715     3.228
rdcsr2__307_> Number of restraints read    :    16458
              Number of excluded pairs read:        0
              Number of pseudo atoms read  :        0
rdcsrs__304_> Restraints in memory, selected restraints:    16458    16458
              Explicitly excluded atom pairs in memory :        0
              Pseudo atoms in memory                   :        0
openf___224_> Open           bcl2a1_gzmb.ini

Dynamically allocated memory at       amaxmodel [B,KiB,MiB]:      3385076    3305.738     3.228
read_mo_297_> Segments, residues, atoms:        2      174     1403
read_mo_298_> Segment:        1     1 A   151 A     1224
read_mo_298_> Segment:        2   118 B   140 B      179
randomi_498_> Atoms,selected atoms,random_seed,amplitude:     1403     1403        1        4.0000
randomi_496_> Amplitude is > 0; randomization is done.
pick_re_612_> Number of MODEL atoms, selected restraints;     1403     8529
pick_re_612_> Number of MODEL atoms, selected restraints;     1403    10031
pick_re_612_> Number of MODEL atoms, selected restraints;     1403    10763
pick_re_612_> Number of MODEL atoms, selected restraints;     1403    11544
pick_re_612_> Number of MODEL atoms, selected restraints;     1403    11927
pick_re_612_> Number of MODEL atoms, selected restraints;     1403    12439
pick_re_612_> Number of MODEL atoms, selected restraints;     1403    13444

Dynamically allocated memory at  amaxrestraints [B,KiB,MiB]:      3711328    3624.344     3.539
pick_re_612_> Number of MODEL atoms, selected restraints;     1403    14584
pick_re_612_> Number of MODEL atoms, selected restraints;     1403    16089
pick_re_612_> Number of MODEL atoms, selected restraints;     1403    16458
iupac_m_487_> NH1/2 swapped:      178.2835       35    35
iupac_m_486_> OE1/2 will be swapped:     -113.0127       80    80
iupac_m_487_> NH1/2 swapped:      178.9861      105   105
iupac_m_483_> CD1/2 CE1/2 swapped:      -96.1783      148   148
iupac_m_397W> Atoms were not swapped because of the uncertainty of how to handle the H atom.
iupac_m_487_> NH1/2 swapped:      179.1687      156   122


>> ENERGY; Differences between the model's features and restraints:
Number of all residues in MODEL                   :      174
Number of all, selected real atoms                :     1403    1403
Number of all, selected pseudo atoms              :        0       0
Number of all static, selected restraints         :    16458   16458
COVALENT_CYS                                      :        F
NONBONDED_SEL_ATOMS                               :        1
Number of non-bonded pairs (excluding 1-2,1-3,1-4):     3285
Dynamic pairs routine                             : 2, NATM x NATM cell sorting
Atomic shift for contacts update (UPDATE_DYNAMIC) :    0.390
LENNARD_JONES_SWITCH                              :    6.500   7.500
COULOMB_JONES_SWITCH                              :    6.500   7.500
RESIDUE_SPAN_RANGE                                :        0   99999
NLOGN_USE                                         :       15
CONTACT_SHELL                                     :    4.000
DYNAMIC_PAIRS,_SPHERE,_COULOMB,_LENNARD,_MODELLER :        T       T       F       F       F
SPHERE_STDV                                       :    0.050
RADII_FACTOR                                      :    0.820
Current energy                                    :         793.1789





Summary of the restraint violations: 

   NUM     ... number of restraints.
   NUMVI   ... number of restraints with RVIOL > VIOL_REPORT_CUT[i].
   RVIOL   ... relative difference from the best value.
   NUMVP   ... number of restraints with -Ln(pdf) > VIOL_REPORT_CUT2[i].
   RMS_1   ... RMS(feature, minimally_violated_basis_restraint, NUMB).
   RMS_2   ... RMS(feature, best_value, NUMB).
   MOL.PDF ... scaled contribution to -Ln(Molecular pdf).

 #                     RESTRAINT_GROUP      NUM   NUMVI  NUMVP   RMS_1   RMS_2         MOL.PDF     S_i
------------------------------------------------------------------------------------------------------
 1 Bond length potential              :    1430       0      0   0.005   0.005      10.453       1.000
 2 Bond angle potential               :    1931       0      5   1.934   1.934      145.53       1.000
 3 Stereochemical cosine torsion poten:     909       0      7  41.833  41.833      241.80       1.000
 4 Stereochemical improper torsion pot:     582       0      0   1.132   1.132      15.598       1.000
 5 Soft-sphere overlap restraints     :    3285       0      0   0.002   0.002      2.3099       1.000
 6 Lennard-Jones 6-12 potential       :       0       0      0   0.000   0.000      0.0000       1.000
 7 Coulomb point-point electrostatic p:       0       0      0   0.000   0.000      0.0000       1.000
 8 H-bonding potential                :       0       0      0   0.000   0.000      0.0000       1.000
 9 Distance restraints 1 (CA-CA)      :    3414       0      0   0.112   0.112      51.022       1.000
10 Distance restraints 2 (N-O)        :    3340       3     11   0.180   0.180      120.43       1.000
11 Mainchain Phi dihedral restraints  :       0       0      0   0.000   0.000      0.0000       1.000
12 Mainchain Psi dihedral restraints  :       0       0      0   0.000   0.000      0.0000       1.000
13 Mainchain Omega dihedral restraints:     172       0      3   4.224   4.224      36.193       1.000
14 Sidechain Chi_1 dihedral restraints:     154       0      0  53.399  53.399      8.4314       1.000
15 Sidechain Chi_2 dihedral restraints:     119       0      2  64.305  64.305      38.392       1.000
16 Sidechain Chi_3 dihedral restraints:      59       0      0  69.898  69.898      41.655       1.000
17 Sidechain Chi_4 dihedral restraints:      23       0      0  87.299  87.299      15.130       1.000
18 Disulfide distance restraints      :       0       0      0   0.000   0.000      0.0000       1.000
19 Disulfide angle restraints         :       0       0      0   0.000   0.000      0.0000       1.000
20 Disulfide dihedral angle restraints:       0       0      0   0.000   0.000      0.0000       1.000
21 Lower bound distance restraints    :       0       0      0   0.000   0.000      0.0000       1.000
22 Upper bound distance restraints    :       0       0      0   0.000   0.000      0.0000       1.000
23 Distance restraints 3 (SDCH-MNCH)  :    2434       0      0   0.337   0.337      50.170       1.000
24 Sidechain Chi_5 dihedral restraints:       0       0      0   0.000   0.000      0.0000       1.000
25 Phi/Psi pair of dihedral restraints:     170       2      9  16.174  21.441     -90.264       1.000
26 Distance restraints 4 (SDCH-SDCH)  :    1720       0      1   0.594   0.594      89.585       1.000
27 Distance restraints 5 (X-Y)        :       1       1      1   0.753   0.753      16.733       1.000
28 NMR distance restraints 6 (X-Y)    :       0       0      0   0.000   0.000      0.0000       1.000
29 NMR distance restraints 7 (X-Y)    :       0       0      0   0.000   0.000      0.0000       1.000
30 Minimal distance restraints        :       0       0      0   0.000   0.000      0.0000       1.000
31 Non-bonded restraints              :       0       0      0   0.000   0.000      0.0000       1.000
32 Atomic accessibility restraints    :       0       0      0   0.000   0.000      0.0000       1.000
33 Atomic density restraints          :       0       0      0   0.000   0.000      0.0000       1.000
34 Absolute position restraints       :       0       0      0   0.000   0.000      0.0000       1.000
35 Dihedral angle difference restraint:       0       0      0   0.000   0.000      0.0000       1.000
36 GBSA implicit solvent potential    :       0       0      0   0.000   0.000      0.0000       1.000
37 EM density fitting potential       :       0       0      0   0.000   0.000      0.0000       1.000
38 SAXS restraints                    :       0       0      0   0.000   0.000      0.0000       1.000
39 Symmetry restraints                :       0       0      0   0.000   0.000      0.0000       1.000



openf___224_> Open           bcl2a1_gzmb.V99990001
# Heavy relative violation of each residue is written to: bcl2a1_gzmb.V99990001
# The profile is NOT normalized by the number of restraints.
# The profiles are smoothed over a window of residues:    1
# The sum of all numbers in the file:   13618.0107



List of the violated restraints:
   A restraint is violated when the relative difference
   from the best value (RVIOL) is larger than CUTOFF.

   ICSR   ... index of a restraint in the current set.
   RESNO  ... residue numbers of the first two atoms.
   ATM    ... IUPAC atom names of the first two atoms.
   FEAT   ... the value of the feature in the model.
   restr  ... the mean of the basis restraint with the smallest
              difference from the model (local minimum).
   viol   ... difference from the local minimum.
   rviol  ... relative difference from the local minimum.
   RESTR  ... the best value (global minimum).
   VIOL   ... difference from the best value.
   RVIOL  ... relative difference from the best value.


-------------------------------------------------------------------------------------------------

Feature 10                           : Distance restraints 2 (N-O)             
List of the RVIOL violations larger than   :       4.5000

    #   ICSR  RESNO1/2 ATM1/2   INDATM1/2    FEAT   restr    viol   rviol   RESTR    VIOL   RVIOL
    1  11760 144F 137N N   O    1152 1108    7.27    5.15    2.12    4.57    5.15    2.12    4.57
    2  11813 147K 137N N   O    1179 1108   10.56    8.20    2.36    4.61    8.20    2.36    4.61
    3  11833 148F 137N N   O    1188 1108   12.68   10.24    2.44    4.90   10.24    2.44    4.90

-------------------------------------------------------------------------------------------------

Feature 25                           : Phi/Psi pair of dihedral restraints     
List of the RVIOL violations larger than   :       6.5000

    #   ICSR  RESNO1/2 ATM1/2   INDATM1/2    FEAT   restr    viol   rviol   RESTR    VIOL   RVIOL
    1   4988 136Q 137N C   N    1099 1101  -82.81 -119.90   87.49    4.63  -63.20  104.52   14.18
    1        137N 137N N   CA   1101 1102 -143.76  137.00                  -41.10
    2   4989 137N 138G C   N    1107 1109  -80.07  -62.40   27.82    3.84   82.20  164.71   11.95
    2        138G 138G N   CA   1109 1110  -19.72  -41.20                    8.50

-------------------------------------------------------------------------------------------------

Feature 27                           : Distance restraints 5 (X-Y)             
List of the RVIOL violations larger than   :       4.5000

    #   ICSR  RESNO1/2 ATM1/2   INDATM1/2    FEAT   restr    viol   rviol   RESTR    VIOL   RVIOL
    1  16458  74V 161L CA  CA    575 1297    7.75    7.00    0.75    7.53    7.00    0.75    7.53


report______> Distribution of short non-bonded contacts:


DISTANCE1:  0.00 2.10 2.20 2.30 2.40 2.50 2.60 2.70 2.80 2.90 3.00 3.10 3.20 3.30 3.40
DISTANCE2:  2.10 2.20 2.30 2.40 2.50 2.60 2.70 2.80 2.90 3.00 3.10 3.20 3.30 3.40 3.50
FREQUENCY:     0    0    0    0    0    7   11   56  121  149  147  168  261  260  265


<< end of ENERGY.
>> Model assessment by SOAP-Peptide score
preppdf_455W> None of the non-bonded terms selected.

Dynamically allocated memory at  amaxrestraints [B,KiB,MiB]:      4037768    3943.133     3.851

Dynamically allocated memory at  amaxrestraints [B,KiB,MiB]:      4105112    4008.898     3.915

Dynamically allocated memory at  amaxrestraints [B,KiB,MiB]:      4239800    4140.430     4.043


>> ENERGY; Differences between the model's features and restraints:
Number of all residues in MODEL                   :      174
Number of all, selected real atoms                :     1403    1403
Number of all, selected pseudo atoms              :        0       0
Number of all static, selected restraints         :    16458   16458
COVALENT_CYS                                      :        F
NONBONDED_SEL_ATOMS                               :        1
Number of non-bonded pairs (excluding 1-2,1-3,1-4):    19891
Dynamic pairs routine                             : 2, NATM x NATM cell sorting
Atomic shift for contacts update (UPDATE_DYNAMIC) :    0.390
LENNARD_JONES_SWITCH                              :    6.500   7.500
COULOMB_JONES_SWITCH                              :    6.500   7.500
RESIDUE_SPAN_RANGE                                :        0   99999
NLOGN_USE                                         :       15
CONTACT_SHELL                                     :    5.800
DYNAMIC_PAIRS,_SPHERE,_COULOMB,_LENNARD,_MODELLER :        T       F       F       F       F
SPHERE_STDV                                       :    0.050
RADII_FACTOR                                      :    0.820
Current energy                                    :        -629.1865




<< end of ENERGY.
SOAP-Peptide score                     :  -629.186523
openf___224_> Open           bcl2a1_gzmb.B99990001.pdb
wrpdb___568_> Residues, atoms, selected atoms:      174     1403     1403
openf___224_> Open           bcl2a1_gzmb.ini

Dynamically allocated memory at       amaxmodel [B,KiB,MiB]:      4239824    4140.453     4.043
read_mo_297_> Segments, residues, atoms:        2      174     1403
read_mo_298_> Segment:        1     1 A   151 A     1224
read_mo_298_> Segment:        2   118 B   140 B      179
randomi_498_> Atoms,selected atoms,random_seed,amplitude:     1403     1403        1        4.0000
randomi_496_> Amplitude is > 0; randomization is done.
pick_re_612_> Number of MODEL atoms, selected restraints;     1403     8529
pick_re_612_> Number of MODEL atoms, selected restraints;     1403    10031
pick_re_612_> Number of MODEL atoms, selected restraints;     1403    10763
pick_re_612_> Number of MODEL atoms, selected restraints;     1403    11544
pick_re_612_> Number of MODEL atoms, selected restraints;     1403    11927
pick_re_612_> Number of MODEL atoms, selected restraints;     1403    12439
pick_re_612_> Number of MODEL atoms, selected restraints;     1403    13444
pick_re_612_> Number of MODEL atoms, selected restraints;     1403    14584
pick_re_612_> Number of MODEL atoms, selected restraints;     1403    16089
pick_re_612_> Number of MODEL atoms, selected restraints;     1403    16458
iupac_m_486_> OE1/2 will be swapped:      158.1446       80    80
iupac_m_487_> NH1/2 swapped:     -176.2863      105   105
iupac_m_485_> OD1/2 will be swapped:     -128.0164      111   111
iupac_m_483_> CD1/2 CE1/2 swapped:       96.8943      115   115
iupac_m_397W> Atoms were not swapped because of the uncertainty of how to handle the H atom.
iupac_m_483_> CD1/2 CE1/2 swapped:      -96.6701      148   148
iupac_m_397W> Atoms were not swapped because of the uncertainty of how to handle the H atom.
iupac_m_486_> OE1/2 will be swapped:      116.8329      149   149
iupac_m_487_> NH1/2 swapped:     -179.8062      156   122
iupac_m_487_> NH1/2 swapped:     -178.0498      162   128


>> ENERGY; Differences between the model's features and restraints:
Number of all residues in MODEL                   :      174
Number of all, selected real atoms                :     1403    1403
Number of all, selected pseudo atoms              :        0       0
Number of all static, selected restraints         :    16458   16458
COVALENT_CYS                                      :        F
NONBONDED_SEL_ATOMS                               :        1
Number of non-bonded pairs (excluding 1-2,1-3,1-4):     3229
Dynamic pairs routine                             : 2, NATM x NATM cell sorting
Atomic shift for contacts update (UPDATE_DYNAMIC) :    0.390
LENNARD_JONES_SWITCH                              :    6.500   7.500
COULOMB_JONES_SWITCH                              :    6.500   7.500
RESIDUE_SPAN_RANGE                                :        0   99999
NLOGN_USE                                         :       15
CONTACT_SHELL                                     :    4.000
DYNAMIC_PAIRS,_SPHERE,_COULOMB,_LENNARD,_MODELLER :        T       T       F       F       F
SPHERE_STDV                                       :    0.050
RADII_FACTOR                                      :    0.820
Current energy                                    :         712.5098





Summary of the restraint violations: 

   NUM     ... number of restraints.
   NUMVI   ... number of restraints with RVIOL > VIOL_REPORT_CUT[i].
   RVIOL   ... relative difference from the best value.
   NUMVP   ... number of restraints with -Ln(pdf) > VIOL_REPORT_CUT2[i].
   RMS_1   ... RMS(feature, minimally_violated_basis_restraint, NUMB).
   RMS_2   ... RMS(feature, best_value, NUMB).
   MOL.PDF ... scaled contribution to -Ln(Molecular pdf).

 #                     RESTRAINT_GROUP      NUM   NUMVI  NUMVP   RMS_1   RMS_2         MOL.PDF     S_i
------------------------------------------------------------------------------------------------------
 1 Bond length potential              :    1430       0      0   0.005   0.005      9.6241       1.000
 2 Bond angle potential               :    1931       0      5   1.941   1.941      144.99       1.000
 3 Stereochemical cosine torsion poten:     909       0      9  42.594  42.594      247.25       1.000
 4 Stereochemical improper torsion pot:     582       0      0   1.191   1.191      16.582       1.000
 5 Soft-sphere overlap restraints     :    3229       0      0   0.003   0.003      2.4898       1.000
 6 Lennard-Jones 6-12 potential       :       0       0      0   0.000   0.000      0.0000       1.000
 7 Coulomb point-point electrostatic p:       0       0      0   0.000   0.000      0.0000       1.000
 8 H-bonding potential                :       0       0      0   0.000   0.000      0.0000       1.000
 9 Distance restraints 1 (CA-CA)      :    3414       0      0   0.095   0.095      37.241       1.000
10 Distance restraints 2 (N-O)        :    3340       0      0   0.131   0.131      59.796       1.000
11 Mainchain Phi dihedral restraints  :       0       0      0   0.000   0.000      0.0000       1.000
12 Mainchain Psi dihedral restraints  :       0       0      0   0.000   0.000      0.0000       1.000
13 Mainchain Omega dihedral restraints:     172       0      2   4.115   4.115      34.343       1.000
14 Sidechain Chi_1 dihedral restraints:     154       0      0  52.722  52.722      6.5444       1.000
15 Sidechain Chi_2 dihedral restraints:     119       0      0  63.358  63.358      30.789       1.000
16 Sidechain Chi_3 dihedral restraints:      59       0      0  67.506  67.506      41.648       1.000
17 Sidechain Chi_4 dihedral restraints:      23       0      0  99.649  99.649      13.987       1.000
18 Disulfide distance restraints      :       0       0      0   0.000   0.000      0.0000       1.000
19 Disulfide angle restraints         :       0       0      0   0.000   0.000      0.0000       1.000
20 Disulfide dihedral angle restraints:       0       0      0   0.000   0.000      0.0000       1.000
21 Lower bound distance restraints    :       0       0      0   0.000   0.000      0.0000       1.000
22 Upper bound distance restraints    :       0       0      0   0.000   0.000      0.0000       1.000
23 Distance restraints 3 (SDCH-MNCH)  :    2434       0      0   0.340   0.340      52.092       1.000
24 Sidechain Chi_5 dihedral restraints:       0       0      0   0.000   0.000      0.0000       1.000
25 Phi/Psi pair of dihedral restraints:     170       1     11  16.864  17.727     -94.020       1.000
26 Distance restraints 4 (SDCH-SDCH)  :    1720       0      1   0.603   0.603      92.799       1.000
27 Distance restraints 5 (X-Y)        :       1       1      1   0.744   0.744      16.353       1.000
28 NMR distance restraints 6 (X-Y)    :       0       0      0   0.000   0.000      0.0000       1.000
29 NMR distance restraints 7 (X-Y)    :       0       0      0   0.000   0.000      0.0000       1.000
30 Minimal distance restraints        :       0       0      0   0.000   0.000      0.0000       1.000
31 Non-bonded restraints              :       0       0      0   0.000   0.000      0.0000       1.000
32 Atomic accessibility restraints    :       0       0      0   0.000   0.000      0.0000       1.000
33 Atomic density restraints          :       0       0      0   0.000   0.000      0.0000       1.000
34 Absolute position restraints       :       0       0      0   0.000   0.000      0.0000       1.000
35 Dihedral angle difference restraint:       0       0      0   0.000   0.000      0.0000       1.000
36 GBSA implicit solvent potential    :       0       0      0   0.000   0.000      0.0000       1.000
37 EM density fitting potential       :       0       0      0   0.000   0.000      0.0000       1.000
38 SAXS restraints                    :       0       0      0   0.000   0.000      0.0000       1.000
39 Symmetry restraints                :       0       0      0   0.000   0.000      0.0000       1.000



openf___224_> Open           bcl2a1_gzmb.V99990002
# Heavy relative violation of each residue is written to: bcl2a1_gzmb.V99990002
# The profile is NOT normalized by the number of restraints.
# The profiles are smoothed over a window of residues:    1
# The sum of all numbers in the file:   13269.7178



List of the violated restraints:
   A restraint is violated when the relative difference
   from the best value (RVIOL) is larger than CUTOFF.

   ICSR   ... index of a restraint in the current set.
   RESNO  ... residue numbers of the first two atoms.
   ATM    ... IUPAC atom names of the first two atoms.
   FEAT   ... the value of the feature in the model.
   restr  ... the mean of the basis restraint with the smallest
              difference from the model (local minimum).
   viol   ... difference from the local minimum.
   rviol  ... relative difference from the local minimum.
   RESTR  ... the best value (global minimum).
   VIOL   ... difference from the best value.
   RVIOL  ... relative difference from the best value.


-------------------------------------------------------------------------------------------------

Feature 25                           : Phi/Psi pair of dihedral restraints     
List of the RVIOL violations larger than   :       6.5000

    #   ICSR  RESNO1/2 ATM1/2   INDATM1/2    FEAT   restr    viol   rviol   RESTR    VIOL   RVIOL
    1   4988 136Q 137N C   N    1099 1101 -102.14  -63.20   86.53    9.33  -63.20   86.53    9.33
    1        137N 137N N   CA   1101 1102   36.17  -41.10                  -41.10

-------------------------------------------------------------------------------------------------

Feature 27                           : Distance restraints 5 (X-Y)             
List of the RVIOL violations larger than   :       4.5000

    #   ICSR  RESNO1/2 ATM1/2   INDATM1/2    FEAT   restr    viol   rviol   RESTR    VIOL   RVIOL
    1  16458  74V 161L CA  CA    575 1297    7.74    7.00    0.74    7.44    7.00    0.74    7.44


report______> Distribution of short non-bonded contacts:


DISTANCE1:  0.00 2.10 2.20 2.30 2.40 2.50 2.60 2.70 2.80 2.90 3.00 3.10 3.20 3.30 3.40
DISTANCE2:  2.10 2.20 2.30 2.40 2.50 2.60 2.70 2.80 2.90 3.00 3.10 3.20 3.30 3.40 3.50
FREQUENCY:     0    0    0    0    0    7   10   60  111  134  135  167  268  273  253


<< end of ENERGY.
>> Model assessment by SOAP-Peptide score
preppdf_455W> None of the non-bonded terms selected.


>> ENERGY; Differences between the model's features and restraints:
Number of all residues in MODEL                   :      174
Number of all, selected real atoms                :     1403    1403
Number of all, selected pseudo atoms              :        0       0
Number of all static, selected restraints         :    16458   16458
COVALENT_CYS                                      :        F
NONBONDED_SEL_ATOMS                               :        1
Number of non-bonded pairs (excluding 1-2,1-3,1-4):    19836
Dynamic pairs routine                             : 2, NATM x NATM cell sorting
Atomic shift for contacts update (UPDATE_DYNAMIC) :    0.390
LENNARD_JONES_SWITCH                              :    6.500   7.500
COULOMB_JONES_SWITCH                              :    6.500   7.500
RESIDUE_SPAN_RANGE                                :        0   99999
NLOGN_USE                                         :       15
CONTACT_SHELL                                     :    5.800
DYNAMIC_PAIRS,_SPHERE,_COULOMB,_LENNARD,_MODELLER :        T       F       F       F       F
SPHERE_STDV                                       :    0.050
RADII_FACTOR                                      :    0.820
Current energy                                    :        -629.1232




<< end of ENERGY.
SOAP-Peptide score                     :  -629.123230
openf___224_> Open           bcl2a1_gzmb.B99990002.pdb
wrpdb___568_> Residues, atoms, selected atoms:      174     1403     1403
openf___224_> Open           bcl2a1_gzmb.ini

Dynamically allocated memory at       amaxmodel [B,KiB,MiB]:      4239824    4140.453     4.043
read_mo_297_> Segments, residues, atoms:        2      174     1403
read_mo_298_> Segment:        1     1 A   151 A     1224
read_mo_298_> Segment:        2   118 B   140 B      179
randomi_498_> Atoms,selected atoms,random_seed,amplitude:     1403     1403        1        4.0000
randomi_496_> Amplitude is > 0; randomization is done.
pick_re_612_> Number of MODEL atoms, selected restraints;     1403     8529
pick_re_612_> Number of MODEL atoms, selected restraints;     1403    10031
pick_re_612_> Number of MODEL atoms, selected restraints;     1403    10763
pick_re_612_> Number of MODEL atoms, selected restraints;     1403    11544
pick_re_612_> Number of MODEL atoms, selected restraints;     1403    11927
pick_re_612_> Number of MODEL atoms, selected restraints;     1403    12439
pick_re_612_> Number of MODEL atoms, selected restraints;     1403    13444
pick_re_612_> Number of MODEL atoms, selected restraints;     1403    14584
pick_re_612_> Number of MODEL atoms, selected restraints;     1403    16089
pick_re_612_> Number of MODEL atoms, selected restraints;     1403    16458
iupac_m_487_> NH1/2 swapped:      179.7806       11    11
iupac_m_485_> OD1/2 will be swapped:     -179.2643      113   113
iupac_m_487_> NH1/2 swapped:      176.7496      135   135
iupac_m_486_> OE1/2 will be swapped:     -107.0127      141   141
iupac_m_483_> CD1/2 CE1/2 swapped:      -99.2052      148   148
iupac_m_397W> Atoms were not swapped because of the uncertainty of how to handle the H atom.
iupac_m_487_> NH1/2 swapped:      179.2862      156   122


>> ENERGY; Differences between the model's features and restraints:
Number of all residues in MODEL                   :      174
Number of all, selected real atoms                :     1403    1403
Number of all, selected pseudo atoms              :        0       0
Number of all static, selected restraints         :    16458   16458
COVALENT_CYS                                      :        F
NONBONDED_SEL_ATOMS                               :        1
Number of non-bonded pairs (excluding 1-2,1-3,1-4):     3223
Dynamic pairs routine                             : 2, NATM x NATM cell sorting
Atomic shift for contacts update (UPDATE_DYNAMIC) :    0.390
LENNARD_JONES_SWITCH                              :    6.500   7.500
COULOMB_JONES_SWITCH                              :    6.500   7.500
RESIDUE_SPAN_RANGE                                :        0   99999
NLOGN_USE                                         :       15
CONTACT_SHELL                                     :    4.000
DYNAMIC_PAIRS,_SPHERE,_COULOMB,_LENNARD,_MODELLER :        T       T       F       F       F
SPHERE_STDV                                       :    0.050
RADII_FACTOR                                      :    0.820
Current energy                                    :         699.0576





Summary of the restraint violations: 

   NUM     ... number of restraints.
   NUMVI   ... number of restraints with RVIOL > VIOL_REPORT_CUT[i].
   RVIOL   ... relative difference from the best value.
   NUMVP   ... number of restraints with -Ln(pdf) > VIOL_REPORT_CUT2[i].
   RMS_1   ... RMS(feature, minimally_violated_basis_restraint, NUMB).
   RMS_2   ... RMS(feature, best_value, NUMB).
   MOL.PDF ... scaled contribution to -Ln(Molecular pdf).

 #                     RESTRAINT_GROUP      NUM   NUMVI  NUMVP   RMS_1   RMS_2         MOL.PDF     S_i
------------------------------------------------------------------------------------------------------
 1 Bond length potential              :    1430       0      0   0.005   0.005      9.5738       1.000
 2 Bond angle potential               :    1931       0      5   1.952   1.952      147.45       1.000
 3 Stereochemical cosine torsion poten:     909       0      8  42.301  42.301      245.03       1.000
 4 Stereochemical improper torsion pot:     582       0      0   1.138   1.138      15.298       1.000
 5 Soft-sphere overlap restraints     :    3223       0      0   0.003   0.003      3.2355       1.000
 6 Lennard-Jones 6-12 potential       :       0       0      0   0.000   0.000      0.0000       1.000
 7 Coulomb point-point electrostatic p:       0       0      0   0.000   0.000      0.0000       1.000
 8 H-bonding potential                :       0       0      0   0.000   0.000      0.0000       1.000
 9 Distance restraints 1 (CA-CA)      :    3414       0      0   0.103   0.103      40.964       1.000
10 Distance restraints 2 (N-O)        :    3340       0      0   0.133   0.133      62.088       1.000
11 Mainchain Phi dihedral restraints  :       0       0      0   0.000   0.000      0.0000       1.000
12 Mainchain Psi dihedral restraints  :       0       0      0   0.000   0.000      0.0000       1.000
13 Mainchain Omega dihedral restraints:     172       0      1   4.237   4.237      36.407       1.000
14 Sidechain Chi_1 dihedral restraints:     154       0      0  50.770  50.770    -0.70926       1.000
15 Sidechain Chi_2 dihedral restraints:     119       0      1  53.907  53.907      26.250       1.000
16 Sidechain Chi_3 dihedral restraints:      59       0      1  56.699  56.699      38.642       1.000
17 Sidechain Chi_4 dihedral restraints:      23       0      0  95.694  95.694      17.320       1.000
18 Disulfide distance restraints      :       0       0      0   0.000   0.000      0.0000       1.000
19 Disulfide angle restraints         :       0       0      0   0.000   0.000      0.0000       1.000
20 Disulfide dihedral angle restraints:       0       0      0   0.000   0.000      0.0000       1.000
21 Lower bound distance restraints    :       0       0      0   0.000   0.000      0.0000       1.000
22 Upper bound distance restraints    :       0       0      0   0.000   0.000      0.0000       1.000
23 Distance restraints 3 (SDCH-MNCH)  :    2434       0      0   0.329   0.329      42.631       1.000
24 Sidechain Chi_5 dihedral restraints:       0       0      0   0.000   0.000      0.0000       1.000
25 Phi/Psi pair of dihedral restraints:     170       1      9  15.671  16.738     -97.852       1.000
26 Distance restraints 4 (SDCH-SDCH)  :    1720       0      2   0.610   0.610      95.458       1.000
27 Distance restraints 5 (X-Y)        :       1       1      1   0.765   0.765      17.269       1.000
28 NMR distance restraints 6 (X-Y)    :       0       0      0   0.000   0.000      0.0000       1.000
29 NMR distance restraints 7 (X-Y)    :       0       0      0   0.000   0.000      0.0000       1.000
30 Minimal distance restraints        :       0       0      0   0.000   0.000      0.0000       1.000
31 Non-bonded restraints              :       0       0      0   0.000   0.000      0.0000       1.000
32 Atomic accessibility restraints    :       0       0      0   0.000   0.000      0.0000       1.000
33 Atomic density restraints          :       0       0      0   0.000   0.000      0.0000       1.000
34 Absolute position restraints       :       0       0      0   0.000   0.000      0.0000       1.000
35 Dihedral angle difference restraint:       0       0      0   0.000   0.000      0.0000       1.000
36 GBSA implicit solvent potential    :       0       0      0   0.000   0.000      0.0000       1.000
37 EM density fitting potential       :       0       0      0   0.000   0.000      0.0000       1.000
38 SAXS restraints                    :       0       0      0   0.000   0.000      0.0000       1.000
39 Symmetry restraints                :       0       0      0   0.000   0.000      0.0000       1.000



openf___224_> Open           bcl2a1_gzmb.V99990003
# Heavy relative violation of each residue is written to: bcl2a1_gzmb.V99990003
# The profile is NOT normalized by the number of restraints.
# The profiles are smoothed over a window of residues:    1
# The sum of all numbers in the file:   12875.1787



List of the violated restraints:
   A restraint is violated when the relative difference
   from the best value (RVIOL) is larger than CUTOFF.

   ICSR   ... index of a restraint in the current set.
   RESNO  ... residue numbers of the first two atoms.
   ATM    ... IUPAC atom names of the first two atoms.
   FEAT   ... the value of the feature in the model.
   restr  ... the mean of the basis restraint with the smallest
              difference from the model (local minimum).
   viol   ... difference from the local minimum.
   rviol  ... relative difference from the local minimum.
   RESTR  ... the best value (global minimum).
   VIOL   ... difference from the best value.
   RVIOL  ... relative difference from the best value.


-------------------------------------------------------------------------------------------------

Feature 25                           : Phi/Psi pair of dihedral restraints     
List of the RVIOL violations larger than   :       6.5000

    #   ICSR  RESNO1/2 ATM1/2   INDATM1/2    FEAT   restr    viol   rviol   RESTR    VIOL   RVIOL
    1   4988 136Q 137N C   N    1099 1101  -99.22  -63.20   79.33    8.55  -63.20   79.33    8.55
    1        137N 137N N   CA   1101 1102   29.58  -41.10                  -41.10

-------------------------------------------------------------------------------------------------

Feature 27                           : Distance restraints 5 (X-Y)             
List of the RVIOL violations larger than   :       4.5000

    #   ICSR  RESNO1/2 ATM1/2   INDATM1/2    FEAT   restr    viol   rviol   RESTR    VIOL   RVIOL
    1  16458  74V 161L CA  CA    575 1297    7.77    7.00    0.77    7.65    7.00    0.77    7.65


report______> Distribution of short non-bonded contacts:


DISTANCE1:  0.00 2.10 2.20 2.30 2.40 2.50 2.60 2.70 2.80 2.90 3.00 3.10 3.20 3.30 3.40
DISTANCE2:  2.10 2.20 2.30 2.40 2.50 2.60 2.70 2.80 2.90 3.00 3.10 3.20 3.30 3.40 3.50
FREQUENCY:     0    0    0    0    0    5   13   56  105  150  121  172  284  247  281


<< end of ENERGY.
>> Model assessment by SOAP-Peptide score
preppdf_455W> None of the non-bonded terms selected.


>> ENERGY; Differences between the model's features and restraints:
Number of all residues in MODEL                   :      174
Number of all, selected real atoms                :     1403    1403
Number of all, selected pseudo atoms              :        0       0
Number of all static, selected restraints         :    16458   16458
COVALENT_CYS                                      :        F
NONBONDED_SEL_ATOMS                               :        1
Number of non-bonded pairs (excluding 1-2,1-3,1-4):    19810
Dynamic pairs routine                             : 2, NATM x NATM cell sorting
Atomic shift for contacts update (UPDATE_DYNAMIC) :    0.390
LENNARD_JONES_SWITCH                              :    6.500   7.500
COULOMB_JONES_SWITCH                              :    6.500   7.500
RESIDUE_SPAN_RANGE                                :        0   99999
NLOGN_USE                                         :       15
CONTACT_SHELL                                     :    5.800
DYNAMIC_PAIRS,_SPHERE,_COULOMB,_LENNARD,_MODELLER :        T       F       F       F       F
SPHERE_STDV                                       :    0.050
RADII_FACTOR                                      :    0.820
Current energy                                    :        -840.4588




<< end of ENERGY.
SOAP-Peptide score                     :  -840.458801
openf___224_> Open           bcl2a1_gzmb.B99990003.pdb
wrpdb___568_> Residues, atoms, selected atoms:      174     1403     1403
openf___224_> Open           bcl2a1_gzmb.ini

Dynamically allocated memory at       amaxmodel [B,KiB,MiB]:      4239824    4140.453     4.043
read_mo_297_> Segments, residues, atoms:        2      174     1403
read_mo_298_> Segment:        1     1 A   151 A     1224
read_mo_298_> Segment:        2   118 B   140 B      179
randomi_498_> Atoms,selected atoms,random_seed,amplitude:     1403     1403        1        4.0000
randomi_496_> Amplitude is > 0; randomization is done.
pick_re_612_> Number of MODEL atoms, selected restraints;     1403     8529
pick_re_612_> Number of MODEL atoms, selected restraints;     1403    10031
pick_re_612_> Number of MODEL atoms, selected restraints;     1403    10763
pick_re_612_> Number of MODEL atoms, selected restraints;     1403    11544
pick_re_612_> Number of MODEL atoms, selected restraints;     1403    11927
pick_re_612_> Number of MODEL atoms, selected restraints;     1403    12439
pick_re_612_> Number of MODEL atoms, selected restraints;     1403    13444
pick_re_612_> Number of MODEL atoms, selected restraints;     1403    14584
pick_re_612_> Number of MODEL atoms, selected restraints;     1403    16089
pick_re_612_> Number of MODEL atoms, selected restraints;     1403    16458
iupac_m_486_> OE1/2 will be swapped:     -179.1233        5     5
iupac_m_483_> CD1/2 CE1/2 swapped:      -94.1303        6     6
iupac_m_397W> Atoms were not swapped because of the uncertainty of how to handle the H atom.
iupac_m_483_> CD1/2 CE1/2 swapped:      -91.3586        8     8
iupac_m_397W> Atoms were not swapped because of the uncertainty of how to handle the H atom.
iupac_m_487_> NH1/2 swapped:      172.6150       68    68
iupac_m_487_> NH1/2 swapped:     -173.4366       88    88
iupac_m_487_> NH1/2 swapped:     -179.6139      105   105
iupac_m_487_> NH1/2 swapped:      170.1509      135   135
iupac_m_487_> NH1/2 swapped:      172.3165      154   120
iupac_m_487_> NH1/2 swapped:      176.9059      162   128


>> ENERGY; Differences between the model's features and restraints:
Number of all residues in MODEL                   :      174
Number of all, selected real atoms                :     1403    1403
Number of all, selected pseudo atoms              :        0       0
Number of all static, selected restraints         :    16458   16458
COVALENT_CYS                                      :        F
NONBONDED_SEL_ATOMS                               :        1
Number of non-bonded pairs (excluding 1-2,1-3,1-4):     3230
Dynamic pairs routine                             : 2, NATM x NATM cell sorting
Atomic shift for contacts update (UPDATE_DYNAMIC) :    0.390
LENNARD_JONES_SWITCH                              :    6.500   7.500
COULOMB_JONES_SWITCH                              :    6.500   7.500
RESIDUE_SPAN_RANGE                                :        0   99999
NLOGN_USE                                         :       15
CONTACT_SHELL                                     :    4.000
DYNAMIC_PAIRS,_SPHERE,_COULOMB,_LENNARD,_MODELLER :        T       T       F       F       F
SPHERE_STDV                                       :    0.050
RADII_FACTOR                                      :    0.820
Current energy                                    :         906.8041





Summary of the restraint violations: 

   NUM     ... number of restraints.
   NUMVI   ... number of restraints with RVIOL > VIOL_REPORT_CUT[i].
   RVIOL   ... relative difference from the best value.
   NUMVP   ... number of restraints with -Ln(pdf) > VIOL_REPORT_CUT2[i].
   RMS_1   ... RMS(feature, minimally_violated_basis_restraint, NUMB).
   RMS_2   ... RMS(feature, best_value, NUMB).
   MOL.PDF ... scaled contribution to -Ln(Molecular pdf).

 #                     RESTRAINT_GROUP      NUM   NUMVI  NUMVP   RMS_1   RMS_2         MOL.PDF     S_i
------------------------------------------------------------------------------------------------------
 1 Bond length potential              :    1430       0      0   0.005   0.005      11.761       1.000
 2 Bond angle potential               :    1931       0      4   2.151   2.151      174.64       1.000
 3 Stereochemical cosine torsion poten:     909       0     12  42.398  42.398      252.66       1.000
 4 Stereochemical improper torsion pot:     582       0      0   1.432   1.432      23.081       1.000
 5 Soft-sphere overlap restraints     :    3230       0      0   0.003   0.003      2.8181       1.000
 6 Lennard-Jones 6-12 potential       :       0       0      0   0.000   0.000      0.0000       1.000
 7 Coulomb point-point electrostatic p:       0       0      0   0.000   0.000      0.0000       1.000
 8 H-bonding potential                :       0       0      0   0.000   0.000      0.0000       1.000
 9 Distance restraints 1 (CA-CA)      :    3414       0      0   0.114   0.114      53.630       1.000
10 Distance restraints 2 (N-O)        :    3340       0      3   0.155   0.155      88.750       1.000
11 Mainchain Phi dihedral restraints  :       0       0      0   0.000   0.000      0.0000       1.000
12 Mainchain Psi dihedral restraints  :       0       0      0   0.000   0.000      0.0000       1.000
13 Mainchain Omega dihedral restraints:     172       0      2   4.178   4.178      35.399       1.000
14 Sidechain Chi_1 dihedral restraints:     154       0      0  55.614  55.614      19.726       1.000
15 Sidechain Chi_2 dihedral restraints:     119       0      2  59.863  59.863      41.001       1.000
16 Sidechain Chi_3 dihedral restraints:      59       0      0  76.097  76.097      48.067       1.000
17 Sidechain Chi_4 dihedral restraints:      23       0      0  69.534  69.534      14.814       1.000
18 Disulfide distance restraints      :       0       0      0   0.000   0.000      0.0000       1.000
19 Disulfide angle restraints         :       0       0      0   0.000   0.000      0.0000       1.000
20 Disulfide dihedral angle restraints:       0       0      0   0.000   0.000      0.0000       1.000
21 Lower bound distance restraints    :       0       0      0   0.000   0.000      0.0000       1.000
22 Upper bound distance restraints    :       0       0      0   0.000   0.000      0.0000       1.000
23 Distance restraints 3 (SDCH-MNCH)  :    2434       0      0   0.364   0.364      57.825       1.000
24 Sidechain Chi_5 dihedral restraints:       0       0      0   0.000   0.000      0.0000       1.000
25 Phi/Psi pair of dihedral restraints:     170       2     12  16.418  20.768     -88.952       1.000
26 Distance restraints 4 (SDCH-SDCH)  :    1720       0      1   0.794   0.794      155.49       1.000
27 Distance restraints 5 (X-Y)        :       1       1      1   0.739   0.739      16.092       1.000
28 NMR distance restraints 6 (X-Y)    :       0       0      0   0.000   0.000      0.0000       1.000
29 NMR distance restraints 7 (X-Y)    :       0       0      0   0.000   0.000      0.0000       1.000
30 Minimal distance restraints        :       0       0      0   0.000   0.000      0.0000       1.000
31 Non-bonded restraints              :       0       0      0   0.000   0.000      0.0000       1.000
32 Atomic accessibility restraints    :       0       0      0   0.000   0.000      0.0000       1.000
33 Atomic density restraints          :       0       0      0   0.000   0.000      0.0000       1.000
34 Absolute position restraints       :       0       0      0   0.000   0.000      0.0000       1.000
35 Dihedral angle difference restraint:       0       0      0   0.000   0.000      0.0000       1.000
36 GBSA implicit solvent potential    :       0       0      0   0.000   0.000      0.0000       1.000
37 EM density fitting potential       :       0       0      0   0.000   0.000      0.0000       1.000
38 SAXS restraints                    :       0       0      0   0.000   0.000      0.0000       1.000
39 Symmetry restraints                :       0       0      0   0.000   0.000      0.0000       1.000



openf___224_> Open           bcl2a1_gzmb.V99990004
# Heavy relative violation of each residue is written to: bcl2a1_gzmb.V99990004
# The profile is NOT normalized by the number of restraints.
# The profiles are smoothed over a window of residues:    1
# The sum of all numbers in the file:   14788.9629



List of the violated restraints:
   A restraint is violated when the relative difference
   from the best value (RVIOL) is larger than CUTOFF.

   ICSR   ... index of a restraint in the current set.
   RESNO  ... residue numbers of the first two atoms.
   ATM    ... IUPAC atom names of the first two atoms.
   FEAT   ... the value of the feature in the model.
   restr  ... the mean of the basis restraint with the smallest
              difference from the model (local minimum).
   viol   ... difference from the local minimum.
   rviol  ... relative difference from the local minimum.
   RESTR  ... the best value (global minimum).
   VIOL   ... difference from the best value.
   RVIOL  ... relative difference from the best value.


-------------------------------------------------------------------------------------------------

Feature 25                           : Phi/Psi pair of dihedral restraints     
List of the RVIOL violations larger than   :       6.5000

    #   ICSR  RESNO1/2 ATM1/2   INDATM1/2    FEAT   restr    viol   rviol   RESTR    VIOL   RVIOL
    1   4881  29G  30P C   N     229  231  -48.33  -58.70   57.70    3.99  -64.50  126.57   10.32
    1         30P  30P N   CA    231  232  -87.26  -30.50                  147.20
    2   4882  30P  31S C   N     236  238 -178.78 -136.60   43.79    1.46  -72.40  106.91    7.32
    2         31S  31S N   CA    238  239  162.94  151.20                  152.40

-------------------------------------------------------------------------------------------------

Feature 27                           : Distance restraints 5 (X-Y)             
List of the RVIOL violations larger than   :       4.5000

    #   ICSR  RESNO1/2 ATM1/2   INDATM1/2    FEAT   restr    viol   rviol   RESTR    VIOL   RVIOL
    1  16458  74V 161L CA  CA    575 1297    7.74    7.00    0.74    7.39    7.00    0.74    7.39


report______> Distribution of short non-bonded contacts:


DISTANCE1:  0.00 2.10 2.20 2.30 2.40 2.50 2.60 2.70 2.80 2.90 3.00 3.10 3.20 3.30 3.40
DISTANCE2:  2.10 2.20 2.30 2.40 2.50 2.60 2.70 2.80 2.90 3.00 3.10 3.20 3.30 3.40 3.50
FREQUENCY:     0    0    0    0    0    2   12   59  109  151  134  178  270  267  257


<< end of ENERGY.
>> Model assessment by SOAP-Peptide score
preppdf_455W> None of the non-bonded terms selected.


>> ENERGY; Differences between the model's features and restraints:
Number of all residues in MODEL                   :      174
Number of all, selected real atoms                :     1403    1403
Number of all, selected pseudo atoms              :        0       0
Number of all static, selected restraints         :    16458   16458
COVALENT_CYS                                      :        F
NONBONDED_SEL_ATOMS                               :        1
Number of non-bonded pairs (excluding 1-2,1-3,1-4):    19969
Dynamic pairs routine                             : 2, NATM x NATM cell sorting
Atomic shift for contacts update (UPDATE_DYNAMIC) :    0.390
LENNARD_JONES_SWITCH                              :    6.500   7.500
COULOMB_JONES_SWITCH                              :    6.500   7.500
RESIDUE_SPAN_RANGE                                :        0   99999
NLOGN_USE                                         :       15
CONTACT_SHELL                                     :    5.800
DYNAMIC_PAIRS,_SPHERE,_COULOMB,_LENNARD,_MODELLER :        T       F       F       F       F
SPHERE_STDV                                       :    0.050
RADII_FACTOR                                      :    0.820
Current energy                                    :        -631.2510




<< end of ENERGY.
SOAP-Peptide score                     :  -631.251038
openf___224_> Open           bcl2a1_gzmb.B99990004.pdb
wrpdb___568_> Residues, atoms, selected atoms:      174     1403     1403
openf___224_> Open           bcl2a1_gzmb.ini

Dynamically allocated memory at       amaxmodel [B,KiB,MiB]:      4239824    4140.453     4.043
read_mo_297_> Segments, residues, atoms:        2      174     1403
read_mo_298_> Segment:        1     1 A   151 A     1224
read_mo_298_> Segment:        2   118 B   140 B      179
randomi_498_> Atoms,selected atoms,random_seed,amplitude:     1403     1403        1        4.0000
randomi_496_> Amplitude is > 0; randomization is done.
pick_re_612_> Number of MODEL atoms, selected restraints;     1403     8529
pick_re_612_> Number of MODEL atoms, selected restraints;     1403    10031
pick_re_612_> Number of MODEL atoms, selected restraints;     1403    10763
pick_re_612_> Number of MODEL atoms, selected restraints;     1403    11544
pick_re_612_> Number of MODEL atoms, selected restraints;     1403    11927
pick_re_612_> Number of MODEL atoms, selected restraints;     1403    12439
pick_re_612_> Number of MODEL atoms, selected restraints;     1403    13444
pick_re_612_> Number of MODEL atoms, selected restraints;     1403    14584
pick_re_612_> Number of MODEL atoms, selected restraints;     1403    16089
pick_re_612_> Number of MODEL atoms, selected restraints;     1403    16458
iupac_m_486_> OE1/2 will be swapped:      120.6018        5     5
iupac_m_483_> CD1/2 CE1/2 swapped:      -91.0029        8     8
iupac_m_397W> Atoms were not swapped because of the uncertainty of how to handle the H atom.
iupac_m_487_> NH1/2 swapped:      174.3143       11    11
iupac_m_485_> OD1/2 will be swapped:      160.4263       57    57
iupac_m_487_> NH1/2 swapped:     -179.2030       88    88
iupac_m_486_> OE1/2 will be swapped:     -141.7410       96    96
iupac_m_486_> OE1/2 will be swapped:     -169.2184      117   117
iupac_m_483_> CD1/2 CE1/2 swapped:     -101.5908      148   148
iupac_m_397W> Atoms were not swapped because of the uncertainty of how to handle the H atom.
iupac_m_487_> NH1/2 swapped:      177.8570      156   122


>> ENERGY; Differences between the model's features and restraints:
Number of all residues in MODEL                   :      174
Number of all, selected real atoms                :     1403    1403
Number of all, selected pseudo atoms              :        0       0
Number of all static, selected restraints         :    16458   16458
COVALENT_CYS                                      :        F
NONBONDED_SEL_ATOMS                               :        1
Number of non-bonded pairs (excluding 1-2,1-3,1-4):     3225
Dynamic pairs routine                             : 2, NATM x NATM cell sorting
Atomic shift for contacts update (UPDATE_DYNAMIC) :    0.390
LENNARD_JONES_SWITCH                              :    6.500   7.500
COULOMB_JONES_SWITCH                              :    6.500   7.500
RESIDUE_SPAN_RANGE                                :        0   99999
NLOGN_USE                                         :       15
CONTACT_SHELL                                     :    4.000
DYNAMIC_PAIRS,_SPHERE,_COULOMB,_LENNARD,_MODELLER :        T       T       F       F       F
SPHERE_STDV                                       :    0.050
RADII_FACTOR                                      :    0.820
Current energy                                    :         763.1074





Summary of the restraint violations: 

   NUM     ... number of restraints.
   NUMVI   ... number of restraints with RVIOL > VIOL_REPORT_CUT[i].
   RVIOL   ... relative difference from the best value.
   NUMVP   ... number of restraints with -Ln(pdf) > VIOL_REPORT_CUT2[i].
   RMS_1   ... RMS(feature, minimally_violated_basis_restraint, NUMB).
   RMS_2   ... RMS(feature, best_value, NUMB).
   MOL.PDF ... scaled contribution to -Ln(Molecular pdf).

 #                     RESTRAINT_GROUP      NUM   NUMVI  NUMVP   RMS_1   RMS_2         MOL.PDF     S_i
------------------------------------------------------------------------------------------------------
 1 Bond length potential              :    1430       0      0   0.005   0.005      9.9343       1.000
 2 Bond angle potential               :    1931       0      4   1.983   1.983      150.73       1.000
 3 Stereochemical cosine torsion poten:     909       0     11  42.712  42.712      249.14       1.000
 4 Stereochemical improper torsion pot:     582       0      0   1.325   1.325      20.571       1.000
 5 Soft-sphere overlap restraints     :    3225       0      0   0.003   0.003      3.8941       1.000
 6 Lennard-Jones 6-12 potential       :       0       0      0   0.000   0.000      0.0000       1.000
 7 Coulomb point-point electrostatic p:       0       0      0   0.000   0.000      0.0000       1.000
 8 H-bonding potential                :       0       0      0   0.000   0.000      0.0000       1.000
 9 Distance restraints 1 (CA-CA)      :    3414       0      0   0.104   0.104      44.434       1.000
10 Distance restraints 2 (N-O)        :    3340       0      0   0.137   0.137      65.230       1.000
11 Mainchain Phi dihedral restraints  :       0       0      0   0.000   0.000      0.0000       1.000
12 Mainchain Psi dihedral restraints  :       0       0      0   0.000   0.000      0.0000       1.000
13 Mainchain Omega dihedral restraints:     172       0      2   4.061   4.061      33.444       1.000
14 Sidechain Chi_1 dihedral restraints:     154       0      3  47.974  47.974      11.366       1.000
15 Sidechain Chi_2 dihedral restraints:     119       0      0  59.300  59.300      26.123       1.000
16 Sidechain Chi_3 dihedral restraints:      59       0      0  65.884  65.884      42.163       1.000
17 Sidechain Chi_4 dihedral restraints:      23       0      0  97.096  97.096      16.917       1.000
18 Disulfide distance restraints      :       0       0      0   0.000   0.000      0.0000       1.000
19 Disulfide angle restraints         :       0       0      0   0.000   0.000      0.0000       1.000
20 Disulfide dihedral angle restraints:       0       0      0   0.000   0.000      0.0000       1.000
21 Lower bound distance restraints    :       0       0      0   0.000   0.000      0.0000       1.000
22 Upper bound distance restraints    :       0       0      0   0.000   0.000      0.0000       1.000
23 Distance restraints 3 (SDCH-MNCH)  :    2434       0      0   0.301   0.301      38.946       1.000
24 Sidechain Chi_5 dihedral restraints:       0       0      0   0.000   0.000      0.0000       1.000
25 Phi/Psi pair of dihedral restraints:     170       2     12  18.714  20.390     -76.314       1.000
26 Distance restraints 4 (SDCH-SDCH)  :    1720       0      1   0.651   0.651      108.92       1.000
27 Distance restraints 5 (X-Y)        :       1       1      1   0.773   0.773      17.610       1.000
28 NMR distance restraints 6 (X-Y)    :       0       0      0   0.000   0.000      0.0000       1.000
29 NMR distance restraints 7 (X-Y)    :       0       0      0   0.000   0.000      0.0000       1.000
30 Minimal distance restraints        :       0       0      0   0.000   0.000      0.0000       1.000
31 Non-bonded restraints              :       0       0      0   0.000   0.000      0.0000       1.000
32 Atomic accessibility restraints    :       0       0      0   0.000   0.000      0.0000       1.000
33 Atomic density restraints          :       0       0      0   0.000   0.000      0.0000       1.000
34 Absolute position restraints       :       0       0      0   0.000   0.000      0.0000       1.000
35 Dihedral angle difference restraint:       0       0      0   0.000   0.000      0.0000       1.000
36 GBSA implicit solvent potential    :       0       0      0   0.000   0.000      0.0000       1.000
37 EM density fitting potential       :       0       0      0   0.000   0.000      0.0000       1.000
38 SAXS restraints                    :       0       0      0   0.000   0.000      0.0000       1.000
39 Symmetry restraints                :       0       0      0   0.000   0.000      0.0000       1.000



openf___224_> Open           bcl2a1_gzmb.V99990005
# Heavy relative violation of each residue is written to: bcl2a1_gzmb.V99990005
# The profile is NOT normalized by the number of restraints.
# The profiles are smoothed over a window of residues:    1
# The sum of all numbers in the file:   13325.6621



List of the violated restraints:
   A restraint is violated when the relative difference
   from the best value (RVIOL) is larger than CUTOFF.

   ICSR   ... index of a restraint in the current set.
   RESNO  ... residue numbers of the first two atoms.
   ATM    ... IUPAC atom names of the first two atoms.
   FEAT   ... the value of the feature in the model.
   restr  ... the mean of the basis restraint with the smallest
              difference from the model (local minimum).
   viol   ... difference from the local minimum.
   rviol  ... relative difference from the local minimum.
   RESTR  ... the best value (global minimum).
   VIOL   ... difference from the best value.
   RVIOL  ... relative difference from the best value.


-------------------------------------------------------------------------------------------------

Feature 25                           : Phi/Psi pair of dihedral restraints     
List of the RVIOL violations larger than   :       6.5000

    #   ICSR  RESNO1/2 ATM1/2   INDATM1/2    FEAT   restr    viol   rviol   RESTR    VIOL   RVIOL
    1   4993 141E 142N C   N    1138 1140 -115.89 -119.90   82.54    3.66  -63.20  109.21   11.75
    1        142N 142N N   CA   1140 1141   54.56  137.00                  -41.10
    2   4994 142N 143G C   N    1146 1148 -168.87  -62.40  109.51   20.39  -62.40  109.51   20.39
    2        143G 143G N   CA   1148 1149  -66.83  -41.20                  -41.20

-------------------------------------------------------------------------------------------------

Feature 27                           : Distance restraints 5 (X-Y)             
List of the RVIOL violations larger than   :       4.5000

    #   ICSR  RESNO1/2 ATM1/2   INDATM1/2    FEAT   restr    viol   rviol   RESTR    VIOL   RVIOL
    1  16458  74V 161L CA  CA    575 1297    7.77    7.00    0.77    7.73    7.00    0.77    7.73


report______> Distribution of short non-bonded contacts:


DISTANCE1:  0.00 2.10 2.20 2.30 2.40 2.50 2.60 2.70 2.80 2.90 3.00 3.10 3.20 3.30 3.40
DISTANCE2:  2.10 2.20 2.30 2.40 2.50 2.60 2.70 2.80 2.90 3.00 3.10 3.20 3.30 3.40 3.50
FREQUENCY:     0    0    0    0    0    9    8   60  114  143  137  157  256  267  260


<< end of ENERGY.
>> Model assessment by SOAP-Peptide score
preppdf_455W> None of the non-bonded terms selected.


>> ENERGY; Differences between the model's features and restraints:
Number of all residues in MODEL                   :      174
Number of all, selected real atoms                :     1403    1403
Number of all, selected pseudo atoms              :        0       0
Number of all static, selected restraints         :    16458   16458
COVALENT_CYS                                      :        F
NONBONDED_SEL_ATOMS                               :        1
Number of non-bonded pairs (excluding 1-2,1-3,1-4):    19704
Dynamic pairs routine                             : 2, NATM x NATM cell sorting
Atomic shift for contacts update (UPDATE_DYNAMIC) :    0.390
LENNARD_JONES_SWITCH                              :    6.500   7.500
COULOMB_JONES_SWITCH                              :    6.500   7.500
RESIDUE_SPAN_RANGE                                :        0   99999
NLOGN_USE                                         :       15
CONTACT_SHELL                                     :    5.800
DYNAMIC_PAIRS,_SPHERE,_COULOMB,_LENNARD,_MODELLER :        T       F       F       F       F
SPHERE_STDV                                       :    0.050
RADII_FACTOR                                      :    0.820
Current energy                                    :        -640.1511




<< end of ENERGY.
SOAP-Peptide score                     :  -640.151123
openf___224_> Open           bcl2a1_gzmb.B99990005.pdb
wrpdb___568_> Residues, atoms, selected atoms:      174     1403     1403
openf___224_> Open           bcl2a1_gzmb.ini

Dynamically allocated memory at       amaxmodel [B,KiB,MiB]:      4239824    4140.453     4.043
read_mo_297_> Segments, residues, atoms:        2      174     1403
read_mo_298_> Segment:        1     1 A   151 A     1224
read_mo_298_> Segment:        2   118 B   140 B      179
randomi_498_> Atoms,selected atoms,random_seed,amplitude:     1403     1403        1        4.0000
randomi_496_> Amplitude is > 0; randomization is done.
pick_re_612_> Number of MODEL atoms, selected restraints;     1403     8529
pick_re_612_> Number of MODEL atoms, selected restraints;     1403    10031
pick_re_612_> Number of MODEL atoms, selected restraints;     1403    10763
pick_re_612_> Number of MODEL atoms, selected restraints;     1403    11544
pick_re_612_> Number of MODEL atoms, selected restraints;     1403    11927
pick_re_612_> Number of MODEL atoms, selected restraints;     1403    12439
pick_re_612_> Number of MODEL atoms, selected restraints;     1403    13444
pick_re_612_> Number of MODEL atoms, selected restraints;     1403    14584
pick_re_612_> Number of MODEL atoms, selected restraints;     1403    16089
pick_re_612_> Number of MODEL atoms, selected restraints;     1403    16458
iupac_m_487_> NH1/2 swapped:      172.7309       11    11
iupac_m_487_> NH1/2 swapped:      177.7046       68    68
iupac_m_486_> OE1/2 will be swapped:      106.0534       80    80
iupac_m_487_> NH1/2 swapped:      179.8673       88    88
iupac_m_487_> NH1/2 swapped:     -178.4515      105   105
iupac_m_483_> CD1/2 CE1/2 swapped:      -91.1638      120   120
iupac_m_397W> Atoms were not swapped because of the uncertainty of how to handle the H atom.
iupac_m_487_> NH1/2 swapped:     -175.7915      135   135
iupac_m_486_> OE1/2 will be swapped:     -145.1729      141   141
iupac_m_483_> CD1/2 CE1/2 swapped:      -99.0873      148   148
iupac_m_397W> Atoms were not swapped because of the uncertainty of how to handle the H atom.
iupac_m_487_> NH1/2 swapped:     -170.9532      156   122
iupac_m_487_> NH1/2 swapped:     -172.4271      162   128


>> ENERGY; Differences between the model's features and restraints:
Number of all residues in MODEL                   :      174
Number of all, selected real atoms                :     1403    1403
Number of all, selected pseudo atoms              :        0       0
Number of all static, selected restraints         :    16458   16458
COVALENT_CYS                                      :        F
NONBONDED_SEL_ATOMS                               :        1
Number of non-bonded pairs (excluding 1-2,1-3,1-4):     3273
Dynamic pairs routine                             : 2, NATM x NATM cell sorting
Atomic shift for contacts update (UPDATE_DYNAMIC) :    0.390
LENNARD_JONES_SWITCH                              :    6.500   7.500
COULOMB_JONES_SWITCH                              :    6.500   7.500
RESIDUE_SPAN_RANGE                                :        0   99999
NLOGN_USE                                         :       15
CONTACT_SHELL                                     :    4.000
DYNAMIC_PAIRS,_SPHERE,_COULOMB,_LENNARD,_MODELLER :        T       T       F       F       F
SPHERE_STDV                                       :    0.050
RADII_FACTOR                                      :    0.820
Current energy                                    :        1001.3373





Summary of the restraint violations: 

   NUM     ... number of restraints.
   NUMVI   ... number of restraints with RVIOL > VIOL_REPORT_CUT[i].
   RVIOL   ... relative difference from the best value.
   NUMVP   ... number of restraints with -Ln(pdf) > VIOL_REPORT_CUT2[i].
   RMS_1   ... RMS(feature, minimally_violated_basis_restraint, NUMB).
   RMS_2   ... RMS(feature, best_value, NUMB).
   MOL.PDF ... scaled contribution to -Ln(Molecular pdf).

 #                     RESTRAINT_GROUP      NUM   NUMVI  NUMVP   RMS_1   RMS_2         MOL.PDF     S_i
------------------------------------------------------------------------------------------------------
 1 Bond length potential              :    1430       0      0   0.006   0.006      14.383       1.000
 2 Bond angle potential               :    1931       0      7   2.156   2.156      176.01       1.000
 3 Stereochemical cosine torsion poten:     909       0     10  42.850  42.850      250.54       1.000
 4 Stereochemical improper torsion pot:     582       0      0   1.438   1.438      23.785       1.000
 5 Soft-sphere overlap restraints     :    3273       0      0   0.003   0.003      2.5498       1.000
 6 Lennard-Jones 6-12 potential       :       0       0      0   0.000   0.000      0.0000       1.000
 7 Coulomb point-point electrostatic p:       0       0      0   0.000   0.000      0.0000       1.000
 8 H-bonding potential                :       0       0      0   0.000   0.000      0.0000       1.000
 9 Distance restraints 1 (CA-CA)      :    3414       0      0   0.133   0.133      73.955       1.000
10 Distance restraints 2 (N-O)        :    3340       4     10   0.189   0.189      132.30       1.000
11 Mainchain Phi dihedral restraints  :       0       0      0   0.000   0.000      0.0000       1.000
12 Mainchain Psi dihedral restraints  :       0       0      0   0.000   0.000      0.0000       1.000
13 Mainchain Omega dihedral restraints:     172       0      2   4.402   4.402      39.307       1.000
14 Sidechain Chi_1 dihedral restraints:     154       0      1  58.048  58.048      27.332       1.000
15 Sidechain Chi_2 dihedral restraints:     119       0      2  65.392  65.392      38.079       1.000
16 Sidechain Chi_3 dihedral restraints:      59       0      0  71.590  71.590      45.635       1.000
17 Sidechain Chi_4 dihedral restraints:      23       0      0  90.294  90.294      15.985       1.000
18 Disulfide distance restraints      :       0       0      0   0.000   0.000      0.0000       1.000
19 Disulfide angle restraints         :       0       0      0   0.000   0.000      0.0000       1.000
20 Disulfide dihedral angle restraints:       0       0      0   0.000   0.000      0.0000       1.000
21 Lower bound distance restraints    :       0       0      0   0.000   0.000      0.0000       1.000
22 Upper bound distance restraints    :       0       0      0   0.000   0.000      0.0000       1.000
23 Distance restraints 3 (SDCH-MNCH)  :    2434       0      0   0.351   0.351      56.877       1.000
24 Sidechain Chi_5 dihedral restraints:       0       0      0   0.000   0.000      0.0000       1.000
25 Phi/Psi pair of dihedral restraints:     170       4     15  18.863  28.025     -73.409       1.000
26 Distance restraints 4 (SDCH-SDCH)  :    1720       0      1   0.807   0.807      163.12       1.000
27 Distance restraints 5 (X-Y)        :       1       1      1   0.710   0.710      14.882       1.000
28 NMR distance restraints 6 (X-Y)    :       0       0      0   0.000   0.000      0.0000       1.000
29 NMR distance restraints 7 (X-Y)    :       0       0      0   0.000   0.000      0.0000       1.000
30 Minimal distance restraints        :       0       0      0   0.000   0.000      0.0000       1.000
31 Non-bonded restraints              :       0       0      0   0.000   0.000      0.0000       1.000
32 Atomic accessibility restraints    :       0       0      0   0.000   0.000      0.0000       1.000
33 Atomic density restraints          :       0       0      0   0.000   0.000      0.0000       1.000
34 Absolute position restraints       :       0       0      0   0.000   0.000      0.0000       1.000
35 Dihedral angle difference restraint:       0       0      0   0.000   0.000      0.0000       1.000
36 GBSA implicit solvent potential    :       0       0      0   0.000   0.000      0.0000       1.000
37 EM density fitting potential       :       0       0      0   0.000   0.000      0.0000       1.000
38 SAXS restraints                    :       0       0      0   0.000   0.000      0.0000       1.000
39 Symmetry restraints                :       0       0      0   0.000   0.000      0.0000       1.000



openf___224_> Open           bcl2a1_gzmb.V99990006
# Heavy relative violation of each residue is written to: bcl2a1_gzmb.V99990006
# The profile is NOT normalized by the number of restraints.
# The profiles are smoothed over a window of residues:    1
# The sum of all numbers in the file:   15630.9756



List of the violated restraints:
   A restraint is violated when the relative difference
   from the best value (RVIOL) is larger than CUTOFF.

   ICSR   ... index of a restraint in the current set.
   RESNO  ... residue numbers of the first two atoms.
   ATM    ... IUPAC atom names of the first two atoms.
   FEAT   ... the value of the feature in the model.
   restr  ... the mean of the basis restraint with the smallest
              difference from the model (local minimum).
   viol   ... difference from the local minimum.
   rviol  ... relative difference from the local minimum.
   RESTR  ... the best value (global minimum).
   VIOL   ... difference from the best value.
   RVIOL  ... relative difference from the best value.


-------------------------------------------------------------------------------------------------

Feature 10                           : Distance restraints 2 (N-O)             
List of the RVIOL violations larger than   :       4.5000

    #   ICSR  RESNO1/2 ATM1/2   INDATM1/2    FEAT   restr    viol   rviol   RESTR    VIOL   RVIOL
    1  10517  86W 137N N   O     672 1108   11.15    8.92    2.23    4.57    8.92    2.23    4.57
    2  11760 144F 137N N   O    1152 1108    7.32    5.15    2.17    4.69    5.15    2.17    4.69
    3  11813 147K 137N N   O    1179 1108   10.51    8.20    2.30    4.50    8.20    2.30    4.50
    4  11833 148F 137N N   O    1188 1108   12.62   10.24    2.37    4.77   10.24    2.37    4.77

-------------------------------------------------------------------------------------------------

Feature 25                           : Phi/Psi pair of dihedral restraints     
List of the RVIOL violations larger than   :       6.5000

    #   ICSR  RESNO1/2 ATM1/2   INDATM1/2    FEAT   restr    viol   rviol   RESTR    VIOL   RVIOL
    1   4877  25Q  26P C   N     208  210  -68.36  -58.70   10.30    1.08  -64.50  174.17   13.20
    1         26P  26P N   CA    210  211  -26.93  -30.50                  147.20
    2   4878  26P  27G C   N     215  217  -62.42 -167.20  107.98    2.74   78.70  141.28    6.97
    2         27G  27G N   CA    217  218 -159.31  174.60                 -166.10
    3   4988 136Q 137N C   N    1099 1101  -80.72 -119.90   94.10    4.97  -63.20   97.93   13.24
    3        137N 137N N   CA   1101 1102 -137.45  137.00                  -41.10
    4   4989 137N 138G C   N    1107 1109  -85.79  -62.40   31.30    4.48   82.20  170.45   12.36
    4        138G 138G N   CA   1109 1110  -20.39  -41.20                    8.50

-------------------------------------------------------------------------------------------------

Feature 27                           : Distance restraints 5 (X-Y)             
List of the RVIOL violations larger than   :       4.5000

    #   ICSR  RESNO1/2 ATM1/2   INDATM1/2    FEAT   restr    viol   rviol   RESTR    VIOL   RVIOL
    1  16458  74V 161L CA  CA    575 1297    7.71    7.00    0.71    7.10    7.00    0.71    7.10


report______> Distribution of short non-bonded contacts:


DISTANCE1:  0.00 2.10 2.20 2.30 2.40 2.50 2.60 2.70 2.80 2.90 3.00 3.10 3.20 3.30 3.40
DISTANCE2:  2.10 2.20 2.30 2.40 2.50 2.60 2.70 2.80 2.90 3.00 3.10 3.20 3.30 3.40 3.50
FREQUENCY:     0    0    0    0    0    7   14   69  126  141  123  181  243  267  252


<< end of ENERGY.
>> Model assessment by SOAP-Peptide score
preppdf_455W> None of the non-bonded terms selected.


>> ENERGY; Differences between the model's features and restraints:
Number of all residues in MODEL                   :      174
Number of all, selected real atoms                :     1403    1403
Number of all, selected pseudo atoms              :        0       0
Number of all static, selected restraints         :    16458   16458
COVALENT_CYS                                      :        F
NONBONDED_SEL_ATOMS                               :        1
Number of non-bonded pairs (excluding 1-2,1-3,1-4):    19864
Dynamic pairs routine                             : 2, NATM x NATM cell sorting
Atomic shift for contacts update (UPDATE_DYNAMIC) :    0.390
LENNARD_JONES_SWITCH                              :    6.500   7.500
COULOMB_JONES_SWITCH                              :    6.500   7.500
RESIDUE_SPAN_RANGE                                :        0   99999
NLOGN_USE                                         :       15
CONTACT_SHELL                                     :    5.800
DYNAMIC_PAIRS,_SPHERE,_COULOMB,_LENNARD,_MODELLER :        T       F       F       F       F
SPHERE_STDV                                       :    0.050
RADII_FACTOR                                      :    0.820
Current energy                                    :        -620.7828




<< end of ENERGY.
SOAP-Peptide score                     :  -620.782776
openf___224_> Open           bcl2a1_gzmb.B99990006.pdb
wrpdb___568_> Residues, atoms, selected atoms:      174     1403     1403
openf___224_> Open           bcl2a1_gzmb.ini

Dynamically allocated memory at       amaxmodel [B,KiB,MiB]:      4239824    4140.453     4.043
read_mo_297_> Segments, residues, atoms:        2      174     1403
read_mo_298_> Segment:        1     1 A   151 A     1224
read_mo_298_> Segment:        2   118 B   140 B      179
randomi_498_> Atoms,selected atoms,random_seed,amplitude:     1403     1403        1        4.0000
randomi_496_> Amplitude is > 0; randomization is done.
pick_re_612_> Number of MODEL atoms, selected restraints;     1403     8529
pick_re_612_> Number of MODEL atoms, selected restraints;     1403    10031
pick_re_612_> Number of MODEL atoms, selected restraints;     1403    10763
pick_re_612_> Number of MODEL atoms, selected restraints;     1403    11544
pick_re_612_> Number of MODEL atoms, selected restraints;     1403    11927
pick_re_612_> Number of MODEL atoms, selected restraints;     1403    12439
pick_re_612_> Number of MODEL atoms, selected restraints;     1403    13444
pick_re_612_> Number of MODEL atoms, selected restraints;     1403    14584
pick_re_612_> Number of MODEL atoms, selected restraints;     1403    16089
pick_re_612_> Number of MODEL atoms, selected restraints;     1403    16458
iupac_m_483_> CD1/2 CE1/2 swapped:      -96.1339        6     6
iupac_m_397W> Atoms were not swapped because of the uncertainty of how to handle the H atom.
iupac_m_487_> NH1/2 swapped:     -179.3254       35    35
iupac_m_486_> OE1/2 will be swapped:      115.1750       80    80
iupac_m_486_> OE1/2 will be swapped:      164.2139      117   117
iupac_m_483_> CD1/2 CE1/2 swapped:      179.0445      120   120
iupac_m_397W> Atoms were not swapped because of the uncertainty of how to handle the H atom.
iupac_m_483_> CD1/2 CE1/2 swapped:       91.2610      121   121
iupac_m_397W> Atoms were not swapped because of the uncertainty of how to handle the H atom.
iupac_m_487_> NH1/2 swapped:      179.5990      135   135
iupac_m_483_> CD1/2 CE1/2 swapped:      -95.7819      148   148
iupac_m_397W> Atoms were not swapped because of the uncertainty of how to handle the H atom.
iupac_m_486_> OE1/2 will be swapped:     -165.4652      149   149
iupac_m_487_> NH1/2 swapped:      178.5882      154   120


>> ENERGY; Differences between the model's features and restraints:
Number of all residues in MODEL                   :      174
Number of all, selected real atoms                :     1403    1403
Number of all, selected pseudo atoms              :        0       0
Number of all static, selected restraints         :    16458   16458
COVALENT_CYS                                      :        F
NONBONDED_SEL_ATOMS                               :        1
Number of non-bonded pairs (excluding 1-2,1-3,1-4):     3212
Dynamic pairs routine                             : 2, NATM x NATM cell sorting
Atomic shift for contacts update (UPDATE_DYNAMIC) :    0.390
LENNARD_JONES_SWITCH                              :    6.500   7.500
COULOMB_JONES_SWITCH                              :    6.500   7.500
RESIDUE_SPAN_RANGE                                :        0   99999
NLOGN_USE                                         :       15
CONTACT_SHELL                                     :    4.000
DYNAMIC_PAIRS,_SPHERE,_COULOMB,_LENNARD,_MODELLER :        T       T       F       F       F
SPHERE_STDV                                       :    0.050
RADII_FACTOR                                      :    0.820
Current energy                                    :         818.7480





Summary of the restraint violations: 

   NUM     ... number of restraints.
   NUMVI   ... number of restraints with RVIOL > VIOL_REPORT_CUT[i].
   RVIOL   ... relative difference from the best value.
   NUMVP   ... number of restraints with -Ln(pdf) > VIOL_REPORT_CUT2[i].
   RMS_1   ... RMS(feature, minimally_violated_basis_restraint, NUMB).
   RMS_2   ... RMS(feature, best_value, NUMB).
   MOL.PDF ... scaled contribution to -Ln(Molecular pdf).

 #                     RESTRAINT_GROUP      NUM   NUMVI  NUMVP   RMS_1   RMS_2         MOL.PDF     S_i
------------------------------------------------------------------------------------------------------
 1 Bond length potential              :    1430       0      0   0.005   0.005      10.389       1.000
 2 Bond angle potential               :    1931       0      5   2.011   2.011      154.46       1.000
 3 Stereochemical cosine torsion poten:     909       0     10  42.428  42.428      248.83       1.000
 4 Stereochemical improper torsion pot:     582       0      0   1.228   1.228      17.481       1.000
 5 Soft-sphere overlap restraints     :    3212       0      0   0.003   0.003      2.4250       1.000
 6 Lennard-Jones 6-12 potential       :       0       0      0   0.000   0.000      0.0000       1.000
 7 Coulomb point-point electrostatic p:       0       0      0   0.000   0.000      0.0000       1.000
 8 H-bonding potential                :       0       0      0   0.000   0.000      0.0000       1.000
 9 Distance restraints 1 (CA-CA)      :    3414       0      0   0.106   0.106      46.535       1.000
10 Distance restraints 2 (N-O)        :    3340       0      3   0.154   0.154      85.279       1.000
11 Mainchain Phi dihedral restraints  :       0       0      0   0.000   0.000      0.0000       1.000
12 Mainchain Psi dihedral restraints  :       0       0      0   0.000   0.000      0.0000       1.000
13 Mainchain Omega dihedral restraints:     172       0      2   4.209   4.209      35.942       1.000
14 Sidechain Chi_1 dihedral restraints:     154       0      1  53.254  53.254      8.1564       1.000
15 Sidechain Chi_2 dihedral restraints:     119       0      1  61.575  61.575      38.015       1.000
16 Sidechain Chi_3 dihedral restraints:      59       0      0  62.770  62.770      37.940       1.000
17 Sidechain Chi_4 dihedral restraints:      23       0      0  75.923  75.923      15.922       1.000
18 Disulfide distance restraints      :       0       0      0   0.000   0.000      0.0000       1.000
19 Disulfide angle restraints         :       0       0      0   0.000   0.000      0.0000       1.000
20 Disulfide dihedral angle restraints:       0       0      0   0.000   0.000      0.0000       1.000
21 Lower bound distance restraints    :       0       0      0   0.000   0.000      0.0000       1.000
22 Upper bound distance restraints    :       0       0      0   0.000   0.000      0.0000       1.000
23 Distance restraints 3 (SDCH-MNCH)  :    2434       0      0   0.341   0.341      49.493       1.000
24 Sidechain Chi_5 dihedral restraints:       0       0      0   0.000   0.000      0.0000       1.000
25 Phi/Psi pair of dihedral restraints:     170       4     12  18.007  26.569     -85.053       1.000
26 Distance restraints 4 (SDCH-SDCH)  :    1720       0      1   0.733   0.733      138.06       1.000
27 Distance restraints 5 (X-Y)        :       1       1      1   0.710   0.710      14.874       1.000
28 NMR distance restraints 6 (X-Y)    :       0       0      0   0.000   0.000      0.0000       1.000
29 NMR distance restraints 7 (X-Y)    :       0       0      0   0.000   0.000      0.0000       1.000
30 Minimal distance restraints        :       0       0      0   0.000   0.000      0.0000       1.000
31 Non-bonded restraints              :       0       0      0   0.000   0.000      0.0000       1.000
32 Atomic accessibility restraints    :       0       0      0   0.000   0.000      0.0000       1.000
33 Atomic density restraints          :       0       0      0   0.000   0.000      0.0000       1.000
34 Absolute position restraints       :       0       0      0   0.000   0.000      0.0000       1.000
35 Dihedral angle difference restraint:       0       0      0   0.000   0.000      0.0000       1.000
36 GBSA implicit solvent potential    :       0       0      0   0.000   0.000      0.0000       1.000
37 EM density fitting potential       :       0       0      0   0.000   0.000      0.0000       1.000
38 SAXS restraints                    :       0       0      0   0.000   0.000      0.0000       1.000
39 Symmetry restraints                :       0       0      0   0.000   0.000      0.0000       1.000



openf___224_> Open           bcl2a1_gzmb.V99990007
# Heavy relative violation of each residue is written to: bcl2a1_gzmb.V99990007
# The profile is NOT normalized by the number of restraints.
# The profiles are smoothed over a window of residues:    1
# The sum of all numbers in the file:   14015.6338



List of the violated restraints:
   A restraint is violated when the relative difference
   from the best value (RVIOL) is larger than CUTOFF.

   ICSR   ... index of a restraint in the current set.
   RESNO  ... residue numbers of the first two atoms.
   ATM    ... IUPAC atom names of the first two atoms.
   FEAT   ... the value of the feature in the model.
   restr  ... the mean of the basis restraint with the smallest
              difference from the model (local minimum).
   viol   ... difference from the local minimum.
   rviol  ... relative difference from the local minimum.
   RESTR  ... the best value (global minimum).
   VIOL   ... difference from the best value.
   RVIOL  ... relative difference from the best value.


-------------------------------------------------------------------------------------------------

Feature 25                           : Phi/Psi pair of dihedral restraints     
List of the RVIOL violations larger than   :       6.5000

    #   ICSR  RESNO1/2 ATM1/2   INDATM1/2    FEAT   restr    viol   rviol   RESTR    VIOL   RVIOL
    1   4877  25Q  26P C   N     208  210  -55.09  -58.70   13.85    0.89  -64.50  169.19   13.13
    1         26P  26P N   CA    210  211  -43.87  -30.50                  147.20
    2   4878  26P  27G C   N     215  217  -56.53 -167.20  111.77    2.53   78.70  135.28    6.91
    2         27G  27G N   CA    217  218 -169.74  174.60                 -166.10
    3   4881  29G  30P C   N     229  231  -47.66  -58.70   52.01    3.48  -64.50  132.55   10.80
    3         30P  30P N   CA    231  232  -81.32  -30.50                  147.20
    4   4882  30P  31S C   N     236  238  176.98 -136.60   48.14    1.61  -72.40  111.22    7.60
    4         31S  31S N   CA    238  239  163.98  151.20                  152.40

-------------------------------------------------------------------------------------------------

Feature 27                           : Distance restraints 5 (X-Y)             
List of the RVIOL violations larger than   :       4.5000

    #   ICSR  RESNO1/2 ATM1/2   INDATM1/2    FEAT   restr    viol   rviol   RESTR    VIOL   RVIOL
    1  16458  74V 161L CA  CA    575 1297    7.71    7.00    0.71    7.10    7.00    0.71    7.10


report______> Distribution of short non-bonded contacts:


DISTANCE1:  0.00 2.10 2.20 2.30 2.40 2.50 2.60 2.70 2.80 2.90 3.00 3.10 3.20 3.30 3.40
DISTANCE2:  2.10 2.20 2.30 2.40 2.50 2.60 2.70 2.80 2.90 3.00 3.10 3.20 3.30 3.40 3.50
FREQUENCY:     0    0    0    0    0    8   11   63  116  144  137  161  239  262  257


<< end of ENERGY.
>> Model assessment by SOAP-Peptide score
preppdf_455W> None of the non-bonded terms selected.


>> ENERGY; Differences between the model's features and restraints:
Number of all residues in MODEL                   :      174
Number of all, selected real atoms                :     1403    1403
Number of all, selected pseudo atoms              :        0       0
Number of all static, selected restraints         :    16458   16458
COVALENT_CYS                                      :        F
NONBONDED_SEL_ATOMS                               :        1
Number of non-bonded pairs (excluding 1-2,1-3,1-4):    19776
Dynamic pairs routine                             : 2, NATM x NATM cell sorting
Atomic shift for contacts update (UPDATE_DYNAMIC) :    0.390
LENNARD_JONES_SWITCH                              :    6.500   7.500
COULOMB_JONES_SWITCH                              :    6.500   7.500
RESIDUE_SPAN_RANGE                                :        0   99999
NLOGN_USE                                         :       15
CONTACT_SHELL                                     :    5.800
DYNAMIC_PAIRS,_SPHERE,_COULOMB,_LENNARD,_MODELLER :        T       F       F       F       F
SPHERE_STDV                                       :    0.050
RADII_FACTOR                                      :    0.820
Current energy                                    :        -577.5705




<< end of ENERGY.
SOAP-Peptide score                     :  -577.570496
openf___224_> Open           bcl2a1_gzmb.B99990007.pdb
wrpdb___568_> Residues, atoms, selected atoms:      174     1403     1403
openf___224_> Open           bcl2a1_gzmb.ini

Dynamically allocated memory at       amaxmodel [B,KiB,MiB]:      4239824    4140.453     4.043
read_mo_297_> Segments, residues, atoms:        2      174     1403
read_mo_298_> Segment:        1     1 A   151 A     1224
read_mo_298_> Segment:        2   118 B   140 B      179
randomi_498_> Atoms,selected atoms,random_seed,amplitude:     1403     1403        1        4.0000
randomi_496_> Amplitude is > 0; randomization is done.
pick_re_612_> Number of MODEL atoms, selected restraints;     1403     8529
pick_re_612_> Number of MODEL atoms, selected restraints;     1403    10031
pick_re_612_> Number of MODEL atoms, selected restraints;     1403    10763
pick_re_612_> Number of MODEL atoms, selected restraints;     1403    11544
pick_re_612_> Number of MODEL atoms, selected restraints;     1403    11927
pick_re_612_> Number of MODEL atoms, selected restraints;     1403    12439
pick_re_612_> Number of MODEL atoms, selected restraints;     1403    13444
pick_re_612_> Number of MODEL atoms, selected restraints;     1403    14584
pick_re_612_> Number of MODEL atoms, selected restraints;     1403    16089
pick_re_612_> Number of MODEL atoms, selected restraints;     1403    16458
iupac_m_487_> NH1/2 swapped:     -179.9209       35    35
iupac_m_487_> NH1/2 swapped:      178.2522       68    68
iupac_m_483_> CD1/2 CE1/2 swapped:      -96.3660      148   148
iupac_m_397W> Atoms were not swapped because of the uncertainty of how to handle the H atom.
iupac_m_487_> NH1/2 swapped:      179.1434      156   122


>> ENERGY; Differences between the model's features and restraints:
Number of all residues in MODEL                   :      174
Number of all, selected real atoms                :     1403    1403
Number of all, selected pseudo atoms              :        0       0
Number of all static, selected restraints         :    16458   16458
COVALENT_CYS                                      :        F
NONBONDED_SEL_ATOMS                               :        1
Number of non-bonded pairs (excluding 1-2,1-3,1-4):     3240
Dynamic pairs routine                             : 2, NATM x NATM cell sorting
Atomic shift for contacts update (UPDATE_DYNAMIC) :    0.390
LENNARD_JONES_SWITCH                              :    6.500   7.500
COULOMB_JONES_SWITCH                              :    6.500   7.500
RESIDUE_SPAN_RANGE                                :        0   99999
NLOGN_USE                                         :       15
CONTACT_SHELL                                     :    4.000
DYNAMIC_PAIRS,_SPHERE,_COULOMB,_LENNARD,_MODELLER :        T       T       F       F       F
SPHERE_STDV                                       :    0.050
RADII_FACTOR                                      :    0.820
Current energy                                    :         619.5065





Summary of the restraint violations: 

   NUM     ... number of restraints.
   NUMVI   ... number of restraints with RVIOL > VIOL_REPORT_CUT[i].
   RVIOL   ... relative difference from the best value.
   NUMVP   ... number of restraints with -Ln(pdf) > VIOL_REPORT_CUT2[i].
   RMS_1   ... RMS(feature, minimally_violated_basis_restraint, NUMB).
   RMS_2   ... RMS(feature, best_value, NUMB).
   MOL.PDF ... scaled contribution to -Ln(Molecular pdf).

 #                     RESTRAINT_GROUP      NUM   NUMVI  NUMVP   RMS_1   RMS_2         MOL.PDF     S_i
------------------------------------------------------------------------------------------------------
 1 Bond length potential              :    1430       0      0   0.005   0.005      8.9230       1.000
 2 Bond angle potential               :    1931       0      5   1.865   1.865      136.31       1.000
 3 Stereochemical cosine torsion poten:     909       0      9  42.552  42.552      246.16       1.000
 4 Stereochemical improper torsion pot:     582       0      0   1.119   1.119      14.846       1.000
 5 Soft-sphere overlap restraints     :    3240       0      0   0.003   0.003      3.2263       1.000
 6 Lennard-Jones 6-12 potential       :       0       0      0   0.000   0.000      0.0000       1.000
 7 Coulomb point-point electrostatic p:       0       0      0   0.000   0.000      0.0000       1.000
 8 H-bonding potential                :       0       0      0   0.000   0.000      0.0000       1.000
 9 Distance restraints 1 (CA-CA)      :    3414       0      0   0.090   0.090      33.005       1.000
10 Distance restraints 2 (N-O)        :    3340       0      0   0.125   0.125      55.589       1.000
11 Mainchain Phi dihedral restraints  :       0       0      0   0.000   0.000      0.0000       1.000
12 Mainchain Psi dihedral restraints  :       0       0      0   0.000   0.000      0.0000       1.000
13 Mainchain Omega dihedral restraints:     172       0      2   4.022   4.022      32.811       1.000
14 Sidechain Chi_1 dihedral restraints:     154       0      0  44.878  44.878     -6.1302       1.000
15 Sidechain Chi_2 dihedral restraints:     119       0      1  57.975  57.975      27.127       1.000
16 Sidechain Chi_3 dihedral restraints:      59       0      0  65.823  65.823      39.939       1.000
17 Sidechain Chi_4 dihedral restraints:      23       0      0 104.898 104.898      19.567       1.000
18 Disulfide distance restraints      :       0       0      0   0.000   0.000      0.0000       1.000
19 Disulfide angle restraints         :       0       0      0   0.000   0.000      0.0000       1.000
20 Disulfide dihedral angle restraints:       0       0      0   0.000   0.000      0.0000       1.000
21 Lower bound distance restraints    :       0       0      0   0.000   0.000      0.0000       1.000
22 Upper bound distance restraints    :       0       0      0   0.000   0.000      0.0000       1.000
23 Distance restraints 3 (SDCH-MNCH)  :    2434       0      0   0.251   0.251      27.330       1.000
24 Sidechain Chi_5 dihedral restraints:       0       0      0   0.000   0.000      0.0000       1.000
25 Phi/Psi pair of dihedral restraints:     170       1     10  16.255  17.281     -92.606       1.000
26 Distance restraints 4 (SDCH-SDCH)  :    1720       0      0   0.468   0.468      55.864       1.000
27 Distance restraints 5 (X-Y)        :       1       1      1   0.771   0.771      17.540       1.000
28 NMR distance restraints 6 (X-Y)    :       0       0      0   0.000   0.000      0.0000       1.000
29 NMR distance restraints 7 (X-Y)    :       0       0      0   0.000   0.000      0.0000       1.000
30 Minimal distance restraints        :       0       0      0   0.000   0.000      0.0000       1.000
31 Non-bonded restraints              :       0       0      0   0.000   0.000      0.0000       1.000
32 Atomic accessibility restraints    :       0       0      0   0.000   0.000      0.0000       1.000
33 Atomic density restraints          :       0       0      0   0.000   0.000      0.0000       1.000
34 Absolute position restraints       :       0       0      0   0.000   0.000      0.0000       1.000
35 Dihedral angle difference restraint:       0       0      0   0.000   0.000      0.0000       1.000
36 GBSA implicit solvent potential    :       0       0      0   0.000   0.000      0.0000       1.000
37 EM density fitting potential       :       0       0      0   0.000   0.000      0.0000       1.000
38 SAXS restraints                    :       0       0      0   0.000   0.000      0.0000       1.000
39 Symmetry restraints                :       0       0      0   0.000   0.000      0.0000       1.000



openf___224_> Open           bcl2a1_gzmb.V99990008
# Heavy relative violation of each residue is written to: bcl2a1_gzmb.V99990008
# The profile is NOT normalized by the number of restraints.
# The profiles are smoothed over a window of residues:    1
# The sum of all numbers in the file:   12053.1826



List of the violated restraints:
   A restraint is violated when the relative difference
   from the best value (RVIOL) is larger than CUTOFF.

   ICSR   ... index of a restraint in the current set.
   RESNO  ... residue numbers of the first two atoms.
   ATM    ... IUPAC atom names of the first two atoms.
   FEAT   ... the value of the feature in the model.
   restr  ... the mean of the basis restraint with the smallest
              difference from the model (local minimum).
   viol   ... difference from the local minimum.
   rviol  ... relative difference from the local minimum.
   RESTR  ... the best value (global minimum).
   VIOL   ... difference from the best value.
   RVIOL  ... relative difference from the best value.


-------------------------------------------------------------------------------------------------

Feature 25                           : Phi/Psi pair of dihedral restraints     
List of the RVIOL violations larger than   :       6.5000

    #   ICSR  RESNO1/2 ATM1/2   INDATM1/2    FEAT   restr    viol   rviol   RESTR    VIOL   RVIOL
    1   4988 136Q 137N C   N    1099 1101 -101.47  -63.20   84.03    9.06  -63.20   84.03    9.06
    1        137N 137N N   CA   1101 1102   33.71  -41.10                  -41.10

-------------------------------------------------------------------------------------------------

Feature 27                           : Distance restraints 5 (X-Y)             
List of the RVIOL violations larger than   :       4.5000

    #   ICSR  RESNO1/2 ATM1/2   INDATM1/2    FEAT   restr    viol   rviol   RESTR    VIOL   RVIOL
    1  16458  74V 161L CA  CA    575 1297    7.77    7.00    0.77    7.71    7.00    0.77    7.71


report______> Distribution of short non-bonded contacts:


DISTANCE1:  0.00 2.10 2.20 2.30 2.40 2.50 2.60 2.70 2.80 2.90 3.00 3.10 3.20 3.30 3.40
DISTANCE2:  2.10 2.20 2.30 2.40 2.50 2.60 2.70 2.80 2.90 3.00 3.10 3.20 3.30 3.40 3.50
FREQUENCY:     0    0    0    0    0    8   13   57  120  138  135  158  255  254  258


<< end of ENERGY.
>> Model assessment by SOAP-Peptide score
preppdf_455W> None of the non-bonded terms selected.


>> ENERGY; Differences between the model's features and restraints:
Number of all residues in MODEL                   :      174
Number of all, selected real atoms                :     1403    1403
Number of all, selected pseudo atoms              :        0       0
Number of all static, selected restraints         :    16458   16458
COVALENT_CYS                                      :        F
NONBONDED_SEL_ATOMS                               :        1
Number of non-bonded pairs (excluding 1-2,1-3,1-4):    19966
Dynamic pairs routine                             : 2, NATM x NATM cell sorting
Atomic shift for contacts update (UPDATE_DYNAMIC) :    0.390
LENNARD_JONES_SWITCH                              :    6.500   7.500
COULOMB_JONES_SWITCH                              :    6.500   7.500
RESIDUE_SPAN_RANGE                                :        0   99999
NLOGN_USE                                         :       15
CONTACT_SHELL                                     :    5.800
DYNAMIC_PAIRS,_SPHERE,_COULOMB,_LENNARD,_MODELLER :        T       F       F       F       F
SPHERE_STDV                                       :    0.050
RADII_FACTOR                                      :    0.820
Current energy                                    :        -664.8340




<< end of ENERGY.
SOAP-Peptide score                     :  -664.833984
openf___224_> Open           bcl2a1_gzmb.B99990008.pdb
wrpdb___568_> Residues, atoms, selected atoms:      174     1403     1403
openf___224_> Open           bcl2a1_gzmb.ini

Dynamically allocated memory at       amaxmodel [B,KiB,MiB]:      4239824    4140.453     4.043
read_mo_297_> Segments, residues, atoms:        2      174     1403
read_mo_298_> Segment:        1     1 A   151 A     1224
read_mo_298_> Segment:        2   118 B   140 B      179
randomi_498_> Atoms,selected atoms,random_seed,amplitude:     1403     1403        1        4.0000
randomi_496_> Amplitude is > 0; randomization is done.
pick_re_612_> Number of MODEL atoms, selected restraints;     1403     8529
pick_re_612_> Number of MODEL atoms, selected restraints;     1403    10031
pick_re_612_> Number of MODEL atoms, selected restraints;     1403    10763
pick_re_612_> Number of MODEL atoms, selected restraints;     1403    11544
pick_re_612_> Number of MODEL atoms, selected restraints;     1403    11927
pick_re_612_> Number of MODEL atoms, selected restraints;     1403    12439
pick_re_612_> Number of MODEL atoms, selected restraints;     1403    13444
pick_re_612_> Number of MODEL atoms, selected restraints;     1403    14584
pick_re_612_> Number of MODEL atoms, selected restraints;     1403    16089
pick_re_612_> Number of MODEL atoms, selected restraints;     1403    16458
iupac_m_483_> CD1/2 CE1/2 swapped:      -94.4385        6     6
iupac_m_397W> Atoms were not swapped because of the uncertainty of how to handle the H atom.
iupac_m_487_> NH1/2 swapped:     -174.8206       11    11
iupac_m_487_> NH1/2 swapped:      175.6907       68    68
iupac_m_486_> OE1/2 will be swapped:     -167.6169       80    80
iupac_m_487_> NH1/2 swapped:     -179.1784       88    88
iupac_m_483_> CD1/2 CE1/2 swapped:     -102.5159       93    93
iupac_m_397W> Atoms were not swapped because of the uncertainty of how to handle the H atom.
iupac_m_487_> NH1/2 swapped:     -179.9184      105   105
iupac_m_486_> OE1/2 will be swapped:     -112.0101      124   124
iupac_m_486_> OE1/2 will be swapped:     -150.4293      141   141
iupac_m_483_> CD1/2 CE1/2 swapped:      -99.8875      148   148
iupac_m_397W> Atoms were not swapped because of the uncertainty of how to handle the H atom.
iupac_m_487_> NH1/2 swapped:      172.2440      156   122
iupac_m_487_> NH1/2 swapped:      173.8667      162   128


>> ENERGY; Differences between the model's features and restraints:
Number of all residues in MODEL                   :      174
Number of all, selected real atoms                :     1403    1403
Number of all, selected pseudo atoms              :        0       0
Number of all static, selected restraints         :    16458   16458
COVALENT_CYS                                      :        F
NONBONDED_SEL_ATOMS                               :        1
Number of non-bonded pairs (excluding 1-2,1-3,1-4):     3263
Dynamic pairs routine                             : 2, NATM x NATM cell sorting
Atomic shift for contacts update (UPDATE_DYNAMIC) :    0.390
LENNARD_JONES_SWITCH                              :    6.500   7.500
COULOMB_JONES_SWITCH                              :    6.500   7.500
RESIDUE_SPAN_RANGE                                :        0   99999
NLOGN_USE                                         :       15
CONTACT_SHELL                                     :    4.000
DYNAMIC_PAIRS,_SPHERE,_COULOMB,_LENNARD,_MODELLER :        T       T       F       F       F
SPHERE_STDV                                       :    0.050
RADII_FACTOR                                      :    0.820
Current energy                                    :         834.2220





Summary of the restraint violations: 

   NUM     ... number of restraints.
   NUMVI   ... number of restraints with RVIOL > VIOL_REPORT_CUT[i].
   RVIOL   ... relative difference from the best value.
   NUMVP   ... number of restraints with -Ln(pdf) > VIOL_REPORT_CUT2[i].
   RMS_1   ... RMS(feature, minimally_violated_basis_restraint, NUMB).
   RMS_2   ... RMS(feature, best_value, NUMB).
   MOL.PDF ... scaled contribution to -Ln(Molecular pdf).

 #                     RESTRAINT_GROUP      NUM   NUMVI  NUMVP   RMS_1   RMS_2         MOL.PDF     S_i
------------------------------------------------------------------------------------------------------
 1 Bond length potential              :    1430       0      0   0.006   0.006      12.029       1.000
 2 Bond angle potential               :    1931       0      5   2.086   2.086      165.37       1.000
 3 Stereochemical cosine torsion poten:     909       0     11  42.373  42.373      250.15       1.000
 4 Stereochemical improper torsion pot:     582       0      0   1.384   1.384      21.790       1.000
 5 Soft-sphere overlap restraints     :    3263       0      0   0.003   0.003      2.6944       1.000
 6 Lennard-Jones 6-12 potential       :       0       0      0   0.000   0.000      0.0000       1.000
 7 Coulomb point-point electrostatic p:       0       0      0   0.000   0.000      0.0000       1.000
 8 H-bonding potential                :       0       0      0   0.000   0.000      0.0000       1.000
 9 Distance restraints 1 (CA-CA)      :    3414       0      0   0.117   0.117      54.176       1.000
10 Distance restraints 2 (N-O)        :    3340       0      0   0.146   0.146      73.441       1.000
11 Mainchain Phi dihedral restraints  :       0       0      0   0.000   0.000      0.0000       1.000
12 Mainchain Psi dihedral restraints  :       0       0      0   0.000   0.000      0.0000       1.000
13 Mainchain Omega dihedral restraints:     172       0      2   4.135   4.135      34.683       1.000
14 Sidechain Chi_1 dihedral restraints:     154       0      1  53.350  53.350      14.320       1.000
15 Sidechain Chi_2 dihedral restraints:     119       0      1  54.586  54.586      33.488       1.000
16 Sidechain Chi_3 dihedral restraints:      59       0      1  65.902  65.902      47.085       1.000
17 Sidechain Chi_4 dihedral restraints:      23       0      0  80.815  80.815      16.866       1.000
18 Disulfide distance restraints      :       0       0      0   0.000   0.000      0.0000       1.000
19 Disulfide angle restraints         :       0       0      0   0.000   0.000      0.0000       1.000
20 Disulfide dihedral angle restraints:       0       0      0   0.000   0.000      0.0000       1.000
21 Lower bound distance restraints    :       0       0      0   0.000   0.000      0.0000       1.000
22 Upper bound distance restraints    :       0       0      0   0.000   0.000      0.0000       1.000
23 Distance restraints 3 (SDCH-MNCH)  :    2434       0      0   0.343   0.343      52.124       1.000
24 Sidechain Chi_5 dihedral restraints:       0       0      0   0.000   0.000      0.0000       1.000
25 Phi/Psi pair of dihedral restraints:     170       1     11  16.496  20.092     -86.845       1.000
26 Distance restraints 4 (SDCH-SDCH)  :    1720       0      1   0.700   0.700      126.70       1.000
27 Distance restraints 5 (X-Y)        :       1       1      1   0.740   0.740      16.159       1.000
28 NMR distance restraints 6 (X-Y)    :       0       0      0   0.000   0.000      0.0000       1.000
29 NMR distance restraints 7 (X-Y)    :       0       0      0   0.000   0.000      0.0000       1.000
30 Minimal distance restraints        :       0       0      0   0.000   0.000      0.0000       1.000
31 Non-bonded restraints              :       0       0      0   0.000   0.000      0.0000       1.000
32 Atomic accessibility restraints    :       0       0      0   0.000   0.000      0.0000       1.000
33 Atomic density restraints          :       0       0      0   0.000   0.000      0.0000       1.000
34 Absolute position restraints       :       0       0      0   0.000   0.000      0.0000       1.000
35 Dihedral angle difference restraint:       0       0      0   0.000   0.000      0.0000       1.000
36 GBSA implicit solvent potential    :       0       0      0   0.000   0.000      0.0000       1.000
37 EM density fitting potential       :       0       0      0   0.000   0.000      0.0000       1.000
38 SAXS restraints                    :       0       0      0   0.000   0.000      0.0000       1.000
39 Symmetry restraints                :       0       0      0   0.000   0.000      0.0000       1.000



openf___224_> Open           bcl2a1_gzmb.V99990009
# Heavy relative violation of each residue is written to: bcl2a1_gzmb.V99990009
# The profile is NOT normalized by the number of restraints.
# The profiles are smoothed over a window of residues:    1
# The sum of all numbers in the file:   14289.8291



List of the violated restraints:
   A restraint is violated when the relative difference
   from the best value (RVIOL) is larger than CUTOFF.

   ICSR   ... index of a restraint in the current set.
   RESNO  ... residue numbers of the first two atoms.
   ATM    ... IUPAC atom names of the first two atoms.
   FEAT   ... the value of the feature in the model.
   restr  ... the mean of the basis restraint with the smallest
              difference from the model (local minimum).
   viol   ... difference from the local minimum.
   rviol  ... relative difference from the local minimum.
   RESTR  ... the best value (global minimum).
   VIOL   ... difference from the best value.
   RVIOL  ... relative difference from the best value.


-------------------------------------------------------------------------------------------------

Feature 25                           : Phi/Psi pair of dihedral restraints     
List of the RVIOL violations larger than   :       6.5000

    #   ICSR  RESNO1/2 ATM1/2   INDATM1/2    FEAT   restr    viol   rviol   RESTR    VIOL   RVIOL
    1   5001 149E 150P C   N    1206 1208  -47.94  -58.70   44.11    2.87  -64.50  140.51   11.38
    1        150P 150P N   CA   1208 1209  -73.28  -30.50                  147.20

-------------------------------------------------------------------------------------------------

Feature 27                           : Distance restraints 5 (X-Y)             
List of the RVIOL violations larger than   :       4.5000

    #   ICSR  RESNO1/2 ATM1/2   INDATM1/2    FEAT   restr    viol   rviol   RESTR    VIOL   RVIOL
    1  16458  74V 161L CA  CA    575 1297    7.74    7.00    0.74    7.40    7.00    0.74    7.40


report______> Distribution of short non-bonded contacts:


DISTANCE1:  0.00 2.10 2.20 2.30 2.40 2.50 2.60 2.70 2.80 2.90 3.00 3.10 3.20 3.30 3.40
DISTANCE2:  2.10 2.20 2.30 2.40 2.50 2.60 2.70 2.80 2.90 3.00 3.10 3.20 3.30 3.40 3.50
FREQUENCY:     0    0    0    0    0    2   13   64  124  123  147  181  257  260  254


<< end of ENERGY.
>> Model assessment by SOAP-Peptide score
preppdf_455W> None of the non-bonded terms selected.


>> ENERGY; Differences between the model's features and restraints:
Number of all residues in MODEL                   :      174
Number of all, selected real atoms                :     1403    1403
Number of all, selected pseudo atoms              :        0       0
Number of all static, selected restraints         :    16458   16458
COVALENT_CYS                                      :        F
NONBONDED_SEL_ATOMS                               :        1
Number of non-bonded pairs (excluding 1-2,1-3,1-4):    20039
Dynamic pairs routine                             : 2, NATM x NATM cell sorting
Atomic shift for contacts update (UPDATE_DYNAMIC) :    0.390
LENNARD_JONES_SWITCH                              :    6.500   7.500
COULOMB_JONES_SWITCH                              :    6.500   7.500
RESIDUE_SPAN_RANGE                                :        0   99999
NLOGN_USE                                         :       15
CONTACT_SHELL                                     :    5.800
DYNAMIC_PAIRS,_SPHERE,_COULOMB,_LENNARD,_MODELLER :        T       F       F       F       F
SPHERE_STDV                                       :    0.050
RADII_FACTOR                                      :    0.820
Current energy                                    :        -811.7182




<< end of ENERGY.
SOAP-Peptide score                     :  -811.718201
openf___224_> Open           bcl2a1_gzmb.B99990009.pdb
wrpdb___568_> Residues, atoms, selected atoms:      174     1403     1403
openf___224_> Open           bcl2a1_gzmb.ini

Dynamically allocated memory at       amaxmodel [B,KiB,MiB]:      4239824    4140.453     4.043
read_mo_297_> Segments, residues, atoms:        2      174     1403
read_mo_298_> Segment:        1     1 A   151 A     1224
read_mo_298_> Segment:        2   118 B   140 B      179
randomi_498_> Atoms,selected atoms,random_seed,amplitude:     1403     1403        1        4.0000
randomi_496_> Amplitude is > 0; randomization is done.
pick_re_612_> Number of MODEL atoms, selected restraints;     1403     8529
pick_re_612_> Number of MODEL atoms, selected restraints;     1403    10031
pick_re_612_> Number of MODEL atoms, selected restraints;     1403    10763
pick_re_612_> Number of MODEL atoms, selected restraints;     1403    11544
pick_re_612_> Number of MODEL atoms, selected restraints;     1403    11927
pick_re_612_> Number of MODEL atoms, selected restraints;     1403    12439
pick_re_612_> Number of MODEL atoms, selected restraints;     1403    13444
pick_re_612_> Number of MODEL atoms, selected restraints;     1403    14584
pick_re_612_> Number of MODEL atoms, selected restraints;     1403    16089
pick_re_612_> Number of MODEL atoms, selected restraints;     1403    16458
iupac_m_486_> OE1/2 will be swapped:       98.7323        5     5
iupac_m_485_> OD1/2 will be swapped:     -122.4205       15    15
iupac_m_485_> OD1/2 will be swapped:     -134.0461      111   111
iupac_m_487_> NH1/2 swapped:      177.0096      135   135
iupac_m_483_> CD1/2 CE1/2 swapped:      -96.4588      148   148
iupac_m_397W> Atoms were not swapped because of the uncertainty of how to handle the H atom.
iupac_m_486_> OE1/2 will be swapped:      137.7808      149   149
iupac_m_487_> NH1/2 swapped:     -177.9825      156   122
iupac_m_487_> NH1/2 swapped:     -177.9183      162   128


>> ENERGY; Differences between the model's features and restraints:
Number of all residues in MODEL                   :      174
Number of all, selected real atoms                :     1403    1403
Number of all, selected pseudo atoms              :        0       0
Number of all static, selected restraints         :    16458   16458
COVALENT_CYS                                      :        F
NONBONDED_SEL_ATOMS                               :        1
Number of non-bonded pairs (excluding 1-2,1-3,1-4):     3233
Dynamic pairs routine                             : 2, NATM x NATM cell sorting
Atomic shift for contacts update (UPDATE_DYNAMIC) :    0.390
LENNARD_JONES_SWITCH                              :    6.500   7.500
COULOMB_JONES_SWITCH                              :    6.500   7.500
RESIDUE_SPAN_RANGE                                :        0   99999
NLOGN_USE                                         :       15
CONTACT_SHELL                                     :    4.000
DYNAMIC_PAIRS,_SPHERE,_COULOMB,_LENNARD,_MODELLER :        T       T       F       F       F
SPHERE_STDV                                       :    0.050
RADII_FACTOR                                      :    0.820
Current energy                                    :         762.5199





Summary of the restraint violations: 

   NUM     ... number of restraints.
   NUMVI   ... number of restraints with RVIOL > VIOL_REPORT_CUT[i].
   RVIOL   ... relative difference from the best value.
   NUMVP   ... number of restraints with -Ln(pdf) > VIOL_REPORT_CUT2[i].
   RMS_1   ... RMS(feature, minimally_violated_basis_restraint, NUMB).
   RMS_2   ... RMS(feature, best_value, NUMB).
   MOL.PDF ... scaled contribution to -Ln(Molecular pdf).

 #                     RESTRAINT_GROUP      NUM   NUMVI  NUMVP   RMS_1   RMS_2         MOL.PDF     S_i
------------------------------------------------------------------------------------------------------
 1 Bond length potential              :    1430       0      0   0.005   0.005      10.529       1.000
 2 Bond angle potential               :    1931       0      5   1.942   1.942      146.67       1.000
 3 Stereochemical cosine torsion poten:     909       0      9  42.158  42.158      242.65       1.000
 4 Stereochemical improper torsion pot:     582       0      0   1.242   1.242      18.399       1.000
 5 Soft-sphere overlap restraints     :    3233       0      0   0.002   0.002      2.2014       1.000
 6 Lennard-Jones 6-12 potential       :       0       0      0   0.000   0.000      0.0000       1.000
 7 Coulomb point-point electrostatic p:       0       0      0   0.000   0.000      0.0000       1.000
 8 H-bonding potential                :       0       0      0   0.000   0.000      0.0000       1.000
 9 Distance restraints 1 (CA-CA)      :    3414       0      0   0.111   0.111      50.939       1.000
10 Distance restraints 2 (N-O)        :    3340       3     11   0.180   0.180      119.80       1.000
11 Mainchain Phi dihedral restraints  :       0       0      0   0.000   0.000      0.0000       1.000
12 Mainchain Psi dihedral restraints  :       0       0      0   0.000   0.000      0.0000       1.000
13 Mainchain Omega dihedral restraints:     172       0      2   4.148   4.148      34.892       1.000
14 Sidechain Chi_1 dihedral restraints:     154       0      0  48.233  48.233     -3.0897       1.000
15 Sidechain Chi_2 dihedral restraints:     119       0      1  55.161  55.161      29.022       1.000
16 Sidechain Chi_3 dihedral restraints:      59       0      0  58.937  58.937      37.030       1.000
17 Sidechain Chi_4 dihedral restraints:      23       0      0  73.748  73.748      16.125       1.000
18 Disulfide distance restraints      :       0       0      0   0.000   0.000      0.0000       1.000
19 Disulfide angle restraints         :       0       0      0   0.000   0.000      0.0000       1.000
20 Disulfide dihedral angle restraints:       0       0      0   0.000   0.000      0.0000       1.000
21 Lower bound distance restraints    :       0       0      0   0.000   0.000      0.0000       1.000
22 Upper bound distance restraints    :       0       0      0   0.000   0.000      0.0000       1.000
23 Distance restraints 3 (SDCH-MNCH)  :    2434       0      0   0.295   0.295      37.468       1.000
24 Sidechain Chi_5 dihedral restraints:       0       0      0   0.000   0.000      0.0000       1.000
25 Phi/Psi pair of dihedral restraints:     170       2      9  16.318  21.828     -88.915       1.000
26 Distance restraints 4 (SDCH-SDCH)  :    1720       0      1   0.607   0.607      92.140       1.000
27 Distance restraints 5 (X-Y)        :       1       1      1   0.751   0.751      16.656       1.000
28 NMR distance restraints 6 (X-Y)    :       0       0      0   0.000   0.000      0.0000       1.000
29 NMR distance restraints 7 (X-Y)    :       0       0      0   0.000   0.000      0.0000       1.000
30 Minimal distance restraints        :       0       0      0   0.000   0.000      0.0000       1.000
31 Non-bonded restraints              :       0       0      0   0.000   0.000      0.0000       1.000
32 Atomic accessibility restraints    :       0       0      0   0.000   0.000      0.0000       1.000
33 Atomic density restraints          :       0       0      0   0.000   0.000      0.0000       1.000
34 Absolute position restraints       :       0       0      0   0.000   0.000      0.0000       1.000
35 Dihedral angle difference restraint:       0       0      0   0.000   0.000      0.0000       1.000
36 GBSA implicit solvent potential    :       0       0      0   0.000   0.000      0.0000       1.000
37 EM density fitting potential       :       0       0      0   0.000   0.000      0.0000       1.000
38 SAXS restraints                    :       0       0      0   0.000   0.000      0.0000       1.000
39 Symmetry restraints                :       0       0      0   0.000   0.000      0.0000       1.000



openf___224_> Open           bcl2a1_gzmb.V99990010
# Heavy relative violation of each residue is written to: bcl2a1_gzmb.V99990010
# The profile is NOT normalized by the number of restraints.
# The profiles are smoothed over a window of residues:    1
# The sum of all numbers in the file:   12866.0918



List of the violated restraints:
   A restraint is violated when the relative difference
   from the best value (RVIOL) is larger than CUTOFF.

   ICSR   ... index of a restraint in the current set.
   RESNO  ... residue numbers of the first two atoms.
   ATM    ... IUPAC atom names of the first two atoms.
   FEAT   ... the value of the feature in the model.
   restr  ... the mean of the basis restraint with the smallest
              difference from the model (local minimum).
   viol   ... difference from the local minimum.
   rviol  ... relative difference from the local minimum.
   RESTR  ... the best value (global minimum).
   VIOL   ... difference from the best value.
   RVIOL  ... relative difference from the best value.


-------------------------------------------------------------------------------------------------

Feature 10                           : Distance restraints 2 (N-O)             
List of the RVIOL violations larger than   :       4.5000

    #   ICSR  RESNO1/2 ATM1/2   INDATM1/2    FEAT   restr    viol   rviol   RESTR    VIOL   RVIOL
    1  11760 144F 137N N   O    1152 1108    7.28    5.15    2.13    4.60    5.15    2.13    4.60
    2  11813 147K 137N N   O    1179 1108   10.56    8.20    2.36    4.62    8.20    2.36    4.62
    3  11833 148F 137N N   O    1188 1108   12.68   10.24    2.43    4.89   10.24    2.43    4.89

-------------------------------------------------------------------------------------------------

Feature 25                           : Phi/Psi pair of dihedral restraints     
List of the RVIOL violations larger than   :       6.5000

    #   ICSR  RESNO1/2 ATM1/2   INDATM1/2    FEAT   restr    viol   rviol   RESTR    VIOL   RVIOL
    1   4988 136Q 137N C   N    1099 1101  -81.44 -119.90   86.08    4.58  -63.20  106.46   14.34
    1        137N 137N N   CA   1101 1102 -145.98  137.00                  -41.10
    2   4989 137N 138G C   N    1107 1109  -80.67  -62.40   29.20    4.03   82.20  165.09   11.94
    2        138G 138G N   CA   1109 1110  -18.43  -41.20                    8.50

-------------------------------------------------------------------------------------------------

Feature 27                           : Distance restraints 5 (X-Y)             
List of the RVIOL violations larger than   :       4.5000

    #   ICSR  RESNO1/2 ATM1/2   INDATM1/2    FEAT   restr    viol   rviol   RESTR    VIOL   RVIOL
    1  16458  74V 161L CA  CA    575 1297    7.75    7.00    0.75    7.51    7.00    0.75    7.51


report______> Distribution of short non-bonded contacts:


DISTANCE1:  0.00 2.10 2.20 2.30 2.40 2.50 2.60 2.70 2.80 2.90 3.00 3.10 3.20 3.30 3.40
DISTANCE2:  2.10 2.20 2.30 2.40 2.50 2.60 2.70 2.80 2.90 3.00 3.10 3.20 3.30 3.40 3.50
FREQUENCY:     0    0    0    0    0   11    6   59  118  150  138  174  249  264  251


<< end of ENERGY.
>> Model assessment by SOAP-Peptide score
preppdf_455W> None of the non-bonded terms selected.


>> ENERGY; Differences between the model's features and restraints:
Number of all residues in MODEL                   :      174
Number of all, selected real atoms                :     1403    1403
Number of all, selected pseudo atoms              :        0       0
Number of all static, selected restraints         :    16458   16458
COVALENT_CYS                                      :        F
NONBONDED_SEL_ATOMS                               :        1
Number of non-bonded pairs (excluding 1-2,1-3,1-4):    19842
Dynamic pairs routine                             : 2, NATM x NATM cell sorting
Atomic shift for contacts update (UPDATE_DYNAMIC) :    0.390
LENNARD_JONES_SWITCH                              :    6.500   7.500
COULOMB_JONES_SWITCH                              :    6.500   7.500
RESIDUE_SPAN_RANGE                                :        0   99999
NLOGN_USE                                         :       15
CONTACT_SHELL                                     :    5.800
DYNAMIC_PAIRS,_SPHERE,_COULOMB,_LENNARD,_MODELLER :        T       F       F       F       F
SPHERE_STDV                                       :    0.050
RADII_FACTOR                                      :    0.820
Current energy                                    :        -730.8510




<< end of ENERGY.
SOAP-Peptide score                     :  -730.851013
openf___224_> Open           bcl2a1_gzmb.B99990010.pdb
wrpdb___568_> Residues, atoms, selected atoms:      174     1403     1403

>> Summary of successfully produced models:
Filename                          molpdf SOAP-Peptide score
-----------------------------------------------------------
bcl2a1_gzmb.B99990001.pdb      793.17889     -629.18652
bcl2a1_gzmb.B99990002.pdb      712.50983     -629.12323
bcl2a1_gzmb.B99990003.pdb      699.05756     -840.45880
bcl2a1_gzmb.B99990004.pdb      906.80414     -631.25104
bcl2a1_gzmb.B99990005.pdb      763.10736     -640.15112
bcl2a1_gzmb.B99990006.pdb     1001.33734     -620.78278
bcl2a1_gzmb.B99990007.pdb      818.74799     -577.57050
bcl2a1_gzmb.B99990008.pdb      619.50647     -664.83398
bcl2a1_gzmb.B99990009.pdb      834.22198     -811.71820
bcl2a1_gzmb.B99990010.pdb      762.51990     -730.85101


Dynamically allocated memory at          finish [B,KiB,MiB]:      4239800    4140.430     4.043
Starting time                                            : 2018/04/03 17:17:53
Closing time                                             : 2018/04/03 17:19:33
Total CPU time [seconds]                                 :      98.39
