
                         MODELLER 9.15, 2015/05/19, r10497

     PROTEIN STRUCTURE MODELLING BY SATISFACTION OF SPATIAL RESTRAINTS


                     Copyright(c) 1989-2015 Andrej Sali
                            All Rights Reserved

                             Written by A. Sali
                               with help from
              B. Webb, M.S. Madhusudhan, M-Y. Shen, G.Q. Dong,
          M.A. Marti-Renom, N. Eswar, F. Alber, M. Topf, B. Oliva,
             A. Fiser, R. Sanchez, B. Yerkovich, A. Badretdinov,
                     F. Melo, J.P. Overington, E. Feyfant
                 University of California, San Francisco, USA
                    Rockefeller University, New York, USA
                      Harvard University, Cambridge, USA
                   Imperial Cancer Research Fund, London, UK
              Birkbeck College, University of London, London, UK


Kind, OS, HostName, Kernel, Processor: 4, Linux kb-bioinfo01 4.4.0-109-generic x86_64
Date and time of compilation         : 2015/05/19 10:14:57
MODELLER executable type             : x86_64-intel8
Job starting time (YY/MM/DD HH:MM:SS): 2018/04/03 17:22:48

openf___224_> Open           $(LIB)/restyp.lib
openf___224_> Open           ${MODINSTALL9v15}/modlib/resgrp.lib
rdresgr_266_> Number of residue groups:        2
openf___224_> Open           ${MODINSTALL9v15}/modlib/sstruc.lib

Dynamically allocated memory at   amaxlibraries [B,KiB,MiB]:       191566     187.076     0.183

Dynamically allocated memory at   amaxlibraries [B,KiB,MiB]:       192094     187.592     0.183
openf___224_> Open           ${MODINSTALL9v15}/modlib/resdih.lib

Dynamically allocated memory at   amaxlibraries [B,KiB,MiB]:       240694     235.053     0.230
rdrdih__263_> Number of dihedral angle types         :        9
              Maximal number of dihedral angle optima:        3
              Dihedral angle names                   :  Alph Phi Psi Omeg chi1 chi2 chi3 chi4 chi5
openf___224_> Open           ${MODINSTALL9v15}/modlib/radii.lib

Dynamically allocated memory at   amaxlibraries [B,KiB,MiB]:       253994     248.041     0.242
openf___224_> Open           ${MODINSTALL9v15}/modlib/radii14.lib
openf___224_> Open           ${MODINSTALL9v15}/modlib/af_mnchdef.lib
rdwilmo_274_> Mainchain residue conformation classes:  APBLE
openf___224_> Open           ${MODINSTALL9v15}/modlib/mnch.lib
rdclass_257_> Number of classes:        5
openf___224_> Open           ${MODINSTALL9v15}/modlib/mnch1.lib
openf___224_> Open           ${MODINSTALL9v15}/modlib/mnch2.lib
openf___224_> Open           ${MODINSTALL9v15}/modlib/mnch3.lib
openf___224_> Open           ${MODINSTALL9v15}/modlib/xs4.mat
rdrrwgh_268_> Number of residue types:       21
openf___224_> Open           ../data/5uulpuma_bcl2a1pcna.ali

Dynamically allocated memory at   amaxalignment [B,KiB,MiB]:       265475     259.253     0.253

Dynamically allocated memory at   amaxalignment [B,KiB,MiB]:       266925     260.669     0.255

Dynamically allocated memory at   amaxalignment [B,KiB,MiB]:       269825     263.501     0.257

Dynamically allocated memory at   amaxalignment [B,KiB,MiB]:       331081     323.321     0.316

Dynamically allocated memory at    amaxsequence [B,KiB,MiB]:       331109     323.349     0.316

Dynamically allocated memory at    amaxsequence [B,KiB,MiB]:       331137     323.376     0.316

Dynamically allocated memory at    amaxsequence [B,KiB,MiB]:       331829     324.052     0.316

Dynamically allocated memory at    amaxsequence [B,KiB,MiB]:       332521     324.728     0.317

Read the alignment from file       : ../data/5uulpuma_bcl2a1pcna.ali
Total number of alignment positions:   174

  #  Code        #_Res #_Segm PDB_code    Name
-------------------------------------------------------------------------------
  1  5uul_temp     174      2 5uul_temp.p
  2  bcl2a1_pc     174      2 bcl2a1_pcna
check_a_343_> >> BEGINNING OF COMMAND
openf___224_> Open           ../data/5uul_temp.pdb

Dynamically allocated memory at amaxcoordinates [B,KiB,MiB]:       386446     377.389     0.369

Dynamically allocated memory at    amaxsequence [B,KiB,MiB]:       386446     377.389     0.369

Dynamically allocated memory at amaxcoordinates [B,KiB,MiB]:       386617     377.556     0.369

Dynamically allocated memory at amaxcoordinates [B,KiB,MiB]:       387467     378.386     0.370

Dynamically allocated memory at amaxcoordinates [B,KiB,MiB]:       388725     379.614     0.371

Dynamically allocated memory at amaxcoordinates [B,KiB,MiB]:       390629     381.474     0.373

Dynamically allocated memory at amaxcoordinates [B,KiB,MiB]:       393485     384.263     0.375

Dynamically allocated memory at    amaxsequence [B,KiB,MiB]:       393485     384.263     0.375

Dynamically allocated memory at amaxcoordinates [B,KiB,MiB]:       393575     384.351     0.375

Dynamically allocated memory at    amaxsequence [B,KiB,MiB]:       393575     384.351     0.375

Dynamically allocated memory at amaxcoordinates [B,KiB,MiB]:       393710     384.482     0.375

Dynamically allocated memory at amaxcoordinates [B,KiB,MiB]:       397994     388.666     0.380

Dynamically allocated memory at    amaxsequence [B,KiB,MiB]:       397994     388.666     0.380

Dynamically allocated memory at amaxcoordinates [B,KiB,MiB]:       398192     388.859     0.380

Dynamically allocated memory at amaxcoordinates [B,KiB,MiB]:       404618     395.135     0.386

Dynamically allocated memory at    amaxsequence [B,KiB,MiB]:       404618     395.135     0.386

Dynamically allocated memory at amaxcoordinates [B,KiB,MiB]:       404915     395.425     0.386

Dynamically allocated memory at amaxcoordinates [B,KiB,MiB]:       414537     404.821     0.395

Dynamically allocated memory at    amaxsequence [B,KiB,MiB]:       414537     404.821     0.395

Dynamically allocated memory at amaxcoordinates [B,KiB,MiB]:       414987     405.261     0.396

Dynamically allocated memory at amaxcoordinates [B,KiB,MiB]:       429437     419.372     0.410

Dynamically allocated memory at    amaxsequence [B,KiB,MiB]:       429437     419.372     0.410

Dynamically allocated memory at amaxcoordinates [B,KiB,MiB]:       430112     420.031     0.410

Dynamically allocated memory at    amaxsequence [B,KiB,MiB]:       430112     420.031     0.410

Dynamically allocated memory at amaxcoordinates [B,KiB,MiB]:       430112     420.031     0.410

Dynamically allocated memory at amaxcoordinates [B,KiB,MiB]:       451770     441.182     0.431

Dynamically allocated memory at   amaxstructure [B,KiB,MiB]:       451311     440.733     0.430

check_ali___> Checking the sequence-structure alignment. 

Implied target CA(i)-CA(i+1) distances longer than  8.0 angstroms:

ALN_POS  TMPL  RID1  RID2  NAM1  NAM2     DIST
----------------------------------------------
    151     1  151     1      K     G   40.637
END OF TABLE
check_a_344_> << END OF COMMAND
openf___224_> Open           ${LIB}/top_heav.lib
read_to_681_> topology.submodel read from topology file:        3
openf___224_> Open           ${LIB}/par.lib

Dynamically allocated memory at  amaxparameters [B,KiB,MiB]:       590563     576.722     0.563

Dynamically allocated memory at  amaxparameters [B,KiB,MiB]:       592163     578.284     0.565

Dynamically allocated memory at  amaxparameters [B,KiB,MiB]:       596143     582.171     0.569

Dynamically allocated memory at  amaxparameters [B,KiB,MiB]:       598143     584.124     0.570

Dynamically allocated memory at  amaxparameters [B,KiB,MiB]:       601143     587.054     0.573

Dynamically allocated memory at  amaxparameters [B,KiB,MiB]:       605643     591.448     0.578

Dynamically allocated memory at  amaxparameters [B,KiB,MiB]:       611215     596.890     0.583

Dynamically allocated memory at  amaxparameters [B,KiB,MiB]:       614015     599.624     0.586

Dynamically allocated memory at  amaxparameters [B,KiB,MiB]:       618215     603.726     0.590

Dynamically allocated memory at  amaxparameters [B,KiB,MiB]:       624515     609.878     0.596

Dynamically allocated memory at  amaxparameters [B,KiB,MiB]:       627287     612.585     0.598

Dynamically allocated memory at  amaxparameters [B,KiB,MiB]:       628687     613.952     0.600
read_pa_232_> parameters    BONDS   ANGLS  DIHEDS IMPROPS    MODE
                              227     561     661     112       0

Dynamically allocated memory at       amaxmodel [B,KiB,MiB]:       652237     636.950     0.622

Dynamically allocated memory at       amaxmodel [B,KiB,MiB]:       773953     755.813     0.738

Dynamically allocated memory at       amaxmodel [B,KiB,MiB]:       792337     773.767     0.756

mkilst______> segment topology constructed from sequence and RTF:
              segments residues atoms bonds angles dihedrals impropers:
                     1      151  1223  1248      0         0       525

Dynamically allocated memory at       amaxmodel [B,KiB,MiB]:       844333     824.544     0.805

patch_______> segment topology patched using RTF:     1  ;  MET  ;  NTER
              segments residues atoms bonds angles dihedrals impropers:
                     1      151  1223  1248   1686      1987       525


Dynamically allocated memory at       amaxmodel [B,KiB,MiB]:       897709     876.669     0.856
patch_______> segment topology patched using RTF:   151  ;  LYS  ;  CTER
              segments residues atoms bonds angles dihedrals impropers:
                     1      151  1224  1249   1688      1989       526

genseg______> segment topology constructed from sequence and RTF:
              segments residues atoms bonds angles dihedrals impropers:
                     1      151  1224  1249   1688      1989       526

Dynamically allocated memory at    amaxsequence [B,KiB,MiB]:       897737     876.696     0.856

Dynamically allocated memory at       amaxmodel [B,KiB,MiB]:       901348     880.223     0.860

Dynamically allocated memory at       amaxmodel [B,KiB,MiB]:       918106     896.588     0.876

Dynamically allocated memory at       amaxmodel [B,KiB,MiB]:       921778     900.174     0.879

mkilst______> segment topology constructed from sequence and RTF:
              segments residues atoms bonds angles dihedrals impropers:
                     2      174  1394  1420   1688      1989       592

Dynamically allocated memory at       amaxmodel [B,KiB,MiB]:       928770     907.002     0.886

patch_______> segment topology patched using RTF:   152  ;  GLY  ;  GLYP
              segments residues atoms bonds angles dihedrals impropers:
                     2      174  1394  1420   1916      2255       592


Dynamically allocated memory at       amaxmodel [B,KiB,MiB]:       939466     917.447     0.896
patch_______> segment topology patched using RTF:   174  ;  LYS  ;  CTER
              segments residues atoms bonds angles dihedrals impropers:
                     2      174  1395  1421   1918      2257       593

genseg______> segment topology constructed from sequence and RTF:
              segments residues atoms bonds angles dihedrals impropers:
                     2      174  1395  1421   1918      2257       593
transfe_506_> MODEL is an average of all templates.
transfe_511_> Number of templates for coordinate transfer:        1
              After transferring coordinates of the equivalent template atoms,
              there are defined, undefined atoms in MODEL:     1352       43
openf___224_> Open           bcl2a1_pcna.ini
wrpdb___568_> Residues, atoms, selected atoms:      174     1395     1395
make_re_417_> Restraint type to be calculated:  stereo

Dynamically allocated memory at  amaxrestraints [B,KiB,MiB]:      1046511    1021.983     0.998

Dynamically allocated memory at  amaxrestraints [B,KiB,MiB]:      1054703    1029.983     1.006

Dynamically allocated memory at  amaxrestraints [B,KiB,MiB]:      1071087    1045.983     1.021

Dynamically allocated memory at  amaxrestraints [B,KiB,MiB]:      1103855    1077.983     1.053

Dynamically allocated memory at  amaxrestraints [B,KiB,MiB]:      1136623    1109.983     1.084

Dynamically allocated memory at  amaxrestraints [B,KiB,MiB]:      1202159    1173.983     1.146

Dynamically allocated memory at  amaxrestraints [B,KiB,MiB]:      1234927    1205.983     1.178

Dynamically allocated memory at  amaxrestraints [B,KiB,MiB]:      1267695    1237.983     1.209

Dynamically allocated memory at  amaxrestraints [B,KiB,MiB]:      1333231    1301.983     1.271

Dynamically allocated memory at  amaxrestraints [B,KiB,MiB]:      1464303    1429.983     1.396

Dynamically allocated memory at  amaxrestraints [B,KiB,MiB]:      1529839    1493.983     1.459
r_stere_606_> Stereochemical restraints were constructed from RTF & PRMF.
              Added bond,angle,dihedral,improper restraints  :     1421    1918    2128     588
              Total number of restraints before, now         :        0     6055
make_re_422_> Number of previous, current restraints         :        0     6055
make_re_423_> Number of previous, current selected restraints:        0     6055
make_re_417_> Restraint type to be calculated:  phi-psi_binormal

Dynamically allocated memory at   amaxstructure [B,KiB,MiB]:      1630474    1592.260     1.555
openf___224_> Open           ${MODINSTALL9v15}/modlib/mnch1.bin
openf___224_> Open           ${MODINSTALL9v15}/modlib/mnch1.mdt
getdata_643_> Protein accepted:  5uul_temp.pdb
getdata_289_> Proteins (all/accepted):        1        1
make_re_422_> Number of previous, current restraints         :     6055     6225
make_re_423_> Number of previous, current selected restraints:     6055     6225
make_re_417_> Restraint type to be calculated:  omega_dihedral

Dynamically allocated memory at   amaxstructure [B,KiB,MiB]:      1630490    1592.275     1.555
openf___224_> Open           ${MODINSTALL9v15}/modlib/omega.bin
openf___224_> Open           ${MODINSTALL9v15}/modlib/omega.mdt
getdata_643_> Protein accepted:  5uul_temp.pdb
getdata_289_> Proteins (all/accepted):        1        1
omgdel__425_> Unselected all O C +N +CA dihedrals:      177
              (This is to avoid clashes between STEREO
              and OMEGA_DIHEDRAL restraints)
make_re_422_> Number of previous, current restraints         :     6225     6397
make_re_423_> Number of previous, current selected restraints:     6225     6220
make_re_417_> Restraint type to be calculated:  chi1_dihedral

Dynamically allocated memory at   amaxstructure [B,KiB,MiB]:      1630490    1592.275     1.555
openf___224_> Open           ${MODINSTALL9v15}/modlib/chi1234.bin
openf___224_> Open           ${MODINSTALL9v15}/modlib/chi1.mdt
getdata_643_> Protein accepted:  5uul_temp.pdb
getdata_289_> Proteins (all/accepted):        1        1

Dynamically allocated memory at  amaxrestraints [B,KiB,MiB]:      1696026    1656.275     1.617
make_re_422_> Number of previous, current restraints         :     6397     6550
make_re_423_> Number of previous, current selected restraints:     6220     6373
make_re_417_> Restraint type to be calculated:  chi2_dihedral

Dynamically allocated memory at   amaxstructure [B,KiB,MiB]:      1696026    1656.275     1.617
openf___224_> Open           ${MODINSTALL9v15}/modlib/chi1234.bin
openf___224_> Open           ${MODINSTALL9v15}/modlib/chi2.mdt
getdata_643_> Protein accepted:  5uul_temp.pdb
getdata_289_> Proteins (all/accepted):        1        1
make_re_422_> Number of previous, current restraints         :     6550     6666
make_re_423_> Number of previous, current selected restraints:     6373     6489
make_re_417_> Restraint type to be calculated:  chi3_dihedral

Dynamically allocated memory at   amaxstructure [B,KiB,MiB]:      1696026    1656.275     1.617
openf___224_> Open           ${MODINSTALL9v15}/modlib/chi1234.bin
openf___224_> Open           ${MODINSTALL9v15}/modlib/chi3.mdt
getdata_643_> Protein accepted:  5uul_temp.pdb
getdata_289_> Proteins (all/accepted):        1        1
make_re_422_> Number of previous, current restraints         :     6666     6717
make_re_423_> Number of previous, current selected restraints:     6489     6540
make_re_417_> Restraint type to be calculated:  chi4_dihedral

Dynamically allocated memory at   amaxstructure [B,KiB,MiB]:      1696026    1656.275     1.617
openf___224_> Open           ${MODINSTALL9v15}/modlib/chi1234.bin
openf___224_> Open           ${MODINSTALL9v15}/modlib/chi4.mdt
mdtrsr__446W> A potential that relies on one protein is used, yet you have at
              least one known structure available. MDT, not library, potential is used.
getdata_643_> Protein accepted:  5uul_temp.pdb
getdata_289_> Proteins (all/accepted):        1        1
make_re_422_> Number of previous, current restraints         :     6717     6737
make_re_423_> Number of previous, current selected restraints:     6540     6560
make_re_417_> Restraint type to be calculated:  DISTANCE

Dynamically allocated memory at amaxhash_contac [B,KiB,MiB]:      2097750    2048.584     2.001

Dynamically allocated memory at  amaxrestraints [B,KiB,MiB]:      2228822    2176.584     2.126

Dynamically allocated memory at  amaxrestraints [B,KiB,MiB]:      2359894    2304.584     2.251

Dynamically allocated memory at  amaxrestraints [B,KiB,MiB]:      2622038    2560.584     2.501
make_re_422_> Number of previous, current restraints         :     6737    10151
make_re_423_> Number of previous, current selected restraints:     6560     9974
make_re_417_> Restraint type to be calculated:  DISTANCE

Dynamically allocated memory at  amaxrestraints [B,KiB,MiB]:      2753110    2688.584     2.626
make_re_422_> Number of previous, current restraints         :    10151    13491
make_re_423_> Number of previous, current selected restraints:     9974    13314
make_re_417_> Restraint type to be calculated:  DISTANCE
make_re_422_> Number of previous, current restraints         :    13491    15949
make_re_423_> Number of previous, current selected restraints:    13314    15772
make_re_417_> Restraint type to be calculated:  DISTANCE

Dynamically allocated memory at  amaxrestraints [B,KiB,MiB]:      3015254    2944.584     2.876
make_re_422_> Number of previous, current restraints         :    15949    17670
make_re_423_> Number of previous, current selected restraints:    15772    17493
0 atoms in HETATM/BLK residues constrained
to protein atoms within 2.30 angstroms
and protein CA atoms within 10.00 angstroms
make_re_417_> Restraint type to be calculated:  DISTANCE
make_re_422_> Number of previous, current restraints         :    17670    17670
make_re_423_> Number of previous, current selected restraints:    17493    17493
make_re_417_> Restraint type to be calculated:  DISTANCE
make_re_422_> Number of previous, current restraints         :    17670    17670
make_re_423_> Number of previous, current selected restraints:    17493    17493
make_re_417_> Restraint type to be calculated:  DISTANCE
make_re_422_> Number of previous, current restraints         :    17670    17670
make_re_423_> Number of previous, current selected restraints:    17493    17493
make_re_417_> Restraint type to be calculated:  DISTANCE
make_re_422_> Number of previous, current restraints         :    17670    17670
make_re_423_> Number of previous, current selected restraints:    17493    17493
0 atoms in residues without defined topology
constrained to be rigid bodies
make_re_417_> Restraint type to be calculated:  DISTANCE
make_re_422_> Number of previous, current restraints         :    17670    17670
make_re_423_> Number of previous, current selected restraints:    17493    17493
rmdupl__427_>     1045 redundant cosine dihedral restraints were unselected.
condens_443_> Restraints marked for deletion were removed.
              Total number of restraints before, now:    17671    16449
openf___224_> Open           bcl2a1_pcna.rsr
openf___224_> Open           bcl2a1_pcna.rsr

Dynamically allocated memory at  amaxrestraints [B,KiB,MiB]:      2988336    2918.297     2.850

Dynamically allocated memory at  amaxrestraints [B,KiB,MiB]:      3381552    3302.297     3.225
rdcsr2__307_> Number of restraints read    :    16449
              Number of excluded pairs read:        0
              Number of pseudo atoms read  :        0
rdcsrs__304_> Restraints in memory, selected restraints:    16449    16449
              Explicitly excluded atom pairs in memory :        0
              Pseudo atoms in memory                   :        0
openf___224_> Open           bcl2a1_pcna.ini

Dynamically allocated memory at       amaxmodel [B,KiB,MiB]:      3381576    3302.320     3.225
read_mo_297_> Segments, residues, atoms:        2      174     1395
read_mo_298_> Segment:        1     1 A   151 A     1224
read_mo_298_> Segment:        2   142 B   164 B      171
randomi_498_> Atoms,selected atoms,random_seed,amplitude:     1395     1395        1        4.0000
randomi_496_> Amplitude is > 0; randomization is done.
pick_re_612_> Number of MODEL atoms, selected restraints;     1395     8519
pick_re_612_> Number of MODEL atoms, selected restraints;     1395    10020
pick_re_612_> Number of MODEL atoms, selected restraints;     1395    10752
pick_re_612_> Number of MODEL atoms, selected restraints;     1395    11533
pick_re_612_> Number of MODEL atoms, selected restraints;     1395    11916
pick_re_612_> Number of MODEL atoms, selected restraints;     1395    12436
pick_re_612_> Number of MODEL atoms, selected restraints;     1395    13441

Dynamically allocated memory at  amaxrestraints [B,KiB,MiB]:      3707636    3620.738     3.536
pick_re_612_> Number of MODEL atoms, selected restraints;     1395    14574
pick_re_612_> Number of MODEL atoms, selected restraints;     1395    16080
pick_re_612_> Number of MODEL atoms, selected restraints;     1395    16449
iupac_m_483_> CD1/2 CE1/2 swapped:     -114.5330        8     8
iupac_m_397W> Atoms were not swapped because of the uncertainty of how to handle the H atom.
iupac_m_483_> CD1/2 CE1/2 swapped:     -104.7526       10    10
iupac_m_397W> Atoms were not swapped because of the uncertainty of how to handle the H atom.
iupac_m_487_> NH1/2 swapped:     -173.6424       11    11
iupac_m_486_> OE1/2 will be swapped:      163.5504       80    80
iupac_m_487_> NH1/2 swapped:      179.7577      105   105
iupac_m_483_> CD1/2 CE1/2 swapped:       90.2541      115   115
iupac_m_397W> Atoms were not swapped because of the uncertainty of how to handle the H atom.
iupac_m_484W> Dihedral still outside +-90:      -90.9540
iupac_m_486_> OE1/2 will be swapped:     -104.5163      124   124
iupac_m_483_> CD1/2 CE1/2 swapped:      -97.3020      148   148
iupac_m_397W> Atoms were not swapped because of the uncertainty of how to handle the H atom.
iupac_m_486_> OE1/2 will be swapped:     -119.6102      149   149


>> ENERGY; Differences between the model's features and restraints:
Number of all residues in MODEL                   :      174
Number of all, selected real atoms                :     1395    1395
Number of all, selected pseudo atoms              :        0       0
Number of all static, selected restraints         :    16449   16449
COVALENT_CYS                                      :        F
NONBONDED_SEL_ATOMS                               :        1
Number of non-bonded pairs (excluding 1-2,1-3,1-4):     3307
Dynamic pairs routine                             : 2, NATM x NATM cell sorting
Atomic shift for contacts update (UPDATE_DYNAMIC) :    0.390
LENNARD_JONES_SWITCH                              :    6.500   7.500
COULOMB_JONES_SWITCH                              :    6.500   7.500
RESIDUE_SPAN_RANGE                                :        0   99999
NLOGN_USE                                         :       15
CONTACT_SHELL                                     :    4.000
DYNAMIC_PAIRS,_SPHERE,_COULOMB,_LENNARD,_MODELLER :        T       T       F       F       F
SPHERE_STDV                                       :    0.050
RADII_FACTOR                                      :    0.820
Current energy                                    :         770.3536





Summary of the restraint violations: 

   NUM     ... number of restraints.
   NUMVI   ... number of restraints with RVIOL > VIOL_REPORT_CUT[i].
   RVIOL   ... relative difference from the best value.
   NUMVP   ... number of restraints with -Ln(pdf) > VIOL_REPORT_CUT2[i].
   RMS_1   ... RMS(feature, minimally_violated_basis_restraint, NUMB).
   RMS_2   ... RMS(feature, best_value, NUMB).
   MOL.PDF ... scaled contribution to -Ln(Molecular pdf).

 #                     RESTRAINT_GROUP      NUM   NUMVI  NUMVP   RMS_1   RMS_2         MOL.PDF     S_i
------------------------------------------------------------------------------------------------------
 1 Bond length potential              :    1421       0      0   0.005   0.005      10.173       1.000
 2 Bond angle potential               :    1918       0      4   1.802   1.802      127.69       1.000
 3 Stereochemical cosine torsion poten:     906       0     10  41.844  41.844      241.81       1.000
 4 Stereochemical improper torsion pot:     588       0      0   1.124   1.124      15.435       1.000
 5 Soft-sphere overlap restraints     :    3307       0      0   0.001   0.001     0.77930       1.000
 6 Lennard-Jones 6-12 potential       :       0       0      0   0.000   0.000      0.0000       1.000
 7 Coulomb point-point electrostatic p:       0       0      0   0.000   0.000      0.0000       1.000
 8 H-bonding potential                :       0       0      0   0.000   0.000      0.0000       1.000
 9 Distance restraints 1 (CA-CA)      :    3414       0      0   0.105   0.105      45.895       1.000
10 Distance restraints 2 (N-O)        :    3340       3     11   0.177   0.177      115.14       1.000
11 Mainchain Phi dihedral restraints  :       0       0      0   0.000   0.000      0.0000       1.000
12 Mainchain Psi dihedral restraints  :       0       0      0   0.000   0.000      0.0000       1.000
13 Mainchain Omega dihedral restraints:     172       0      1   3.993   3.993      32.347       1.000
14 Sidechain Chi_1 dihedral restraints:     153       0      0  53.998  53.998      5.7280       1.000
15 Sidechain Chi_2 dihedral restraints:     116       0      1  64.508  64.508      28.675       1.000
16 Sidechain Chi_3 dihedral restraints:      51       0      0  58.816  58.816      32.461       1.000
17 Sidechain Chi_4 dihedral restraints:      20       0      0  95.321  95.321      13.912       1.000
18 Disulfide distance restraints      :       0       0      0   0.000   0.000      0.0000       1.000
19 Disulfide angle restraints         :       0       0      0   0.000   0.000      0.0000       1.000
20 Disulfide dihedral angle restraints:       0       0      0   0.000   0.000      0.0000       1.000
21 Lower bound distance restraints    :       0       0      0   0.000   0.000      0.0000       1.000
22 Upper bound distance restraints    :       0       0      0   0.000   0.000      0.0000       1.000
23 Distance restraints 3 (SDCH-MNCH)  :    2458       0      0   0.405   0.405      54.418       1.000
24 Sidechain Chi_5 dihedral restraints:       0       0      0   0.000   0.000      0.0000       1.000
25 Phi/Psi pair of dihedral restraints:     170       2      9  16.037  21.362     -93.056       1.000
26 Distance restraints 4 (SDCH-SDCH)  :    1721       0      1   0.693   0.693      120.21       1.000
27 Distance restraints 5 (X-Y)        :       1       1      1   0.797   0.797      18.743       1.000
28 NMR distance restraints 6 (X-Y)    :       0       0      0   0.000   0.000      0.0000       1.000
29 NMR distance restraints 7 (X-Y)    :       0       0      0   0.000   0.000      0.0000       1.000
30 Minimal distance restraints        :       0       0      0   0.000   0.000      0.0000       1.000
31 Non-bonded restraints              :       0       0      0   0.000   0.000      0.0000       1.000
32 Atomic accessibility restraints    :       0       0      0   0.000   0.000      0.0000       1.000
33 Atomic density restraints          :       0       0      0   0.000   0.000      0.0000       1.000
34 Absolute position restraints       :       0       0      0   0.000   0.000      0.0000       1.000
35 Dihedral angle difference restraint:       0       0      0   0.000   0.000      0.0000       1.000
36 GBSA implicit solvent potential    :       0       0      0   0.000   0.000      0.0000       1.000
37 EM density fitting potential       :       0       0      0   0.000   0.000      0.0000       1.000
38 SAXS restraints                    :       0       0      0   0.000   0.000      0.0000       1.000
39 Symmetry restraints                :       0       0      0   0.000   0.000      0.0000       1.000



openf___224_> Open           bcl2a1_pcna.V99990001
# Heavy relative violation of each residue is written to: bcl2a1_pcna.V99990001
# The profile is NOT normalized by the number of restraints.
# The profiles are smoothed over a window of residues:    1
# The sum of all numbers in the file:   13103.2764



List of the violated restraints:
   A restraint is violated when the relative difference
   from the best value (RVIOL) is larger than CUTOFF.

   ICSR   ... index of a restraint in the current set.
   RESNO  ... residue numbers of the first two atoms.
   ATM    ... IUPAC atom names of the first two atoms.
   FEAT   ... the value of the feature in the model.
   restr  ... the mean of the basis restraint with the smallest
              difference from the model (local minimum).
   viol   ... difference from the local minimum.
   rviol  ... relative difference from the local minimum.
   RESTR  ... the best value (global minimum).
   VIOL   ... difference from the best value.
   RVIOL  ... relative difference from the best value.


-------------------------------------------------------------------------------------------------

Feature 10                           : Distance restraints 2 (N-O)             
List of the RVIOL violations larger than   :       4.5000

    #   ICSR  RESNO1/2 ATM1/2   INDATM1/2    FEAT   restr    viol   rviol   RESTR    VIOL   RVIOL
    1  11726 144F 137N N   O    1152 1108    7.27    5.15    2.12    4.56    5.15    2.12    4.56
    2  11779 147K 137N N   O    1179 1108   10.59    8.20    2.39    4.65    8.20    2.39    4.65
    3  11799 148F 137N N   O    1188 1108   12.71   10.24    2.46    4.93   10.24    2.46    4.93

-------------------------------------------------------------------------------------------------

Feature 25                           : Phi/Psi pair of dihedral restraints     
List of the RVIOL violations larger than   :       6.5000

    #   ICSR  RESNO1/2 ATM1/2   INDATM1/2    FEAT   restr    viol   rviol   RESTR    VIOL   RVIOL
    1   4969 136Q 137N C   N    1099 1101  -82.86 -119.90   83.69    4.45  -63.20  108.64   14.70
    1        137N 137N N   CA   1101 1102 -147.95  137.00                  -41.10
    2   4970 137N 138G C   N    1107 1109  -78.02  -62.40   26.77    3.66   82.20  162.64   11.81
    2        138G 138G N   CA   1109 1110  -19.46  -41.20                    8.50

-------------------------------------------------------------------------------------------------

Feature 27                           : Distance restraints 5 (X-Y)             
List of the RVIOL violations larger than   :       4.5000

    #   ICSR  RESNO1/2 ATM1/2   INDATM1/2    FEAT   restr    viol   rviol   RESTR    VIOL   RVIOL
    1  16449  74V 161L CA  CA    575 1299    7.80    7.00    0.80    7.97    7.00    0.80    7.97


report______> Distribution of short non-bonded contacts:


DISTANCE1:  0.00 2.10 2.20 2.30 2.40 2.50 2.60 2.70 2.80 2.90 3.00 3.10 3.20 3.30 3.40
DISTANCE2:  2.10 2.20 2.30 2.40 2.50 2.60 2.70 2.80 2.90 3.00 3.10 3.20 3.30 3.40 3.50
FREQUENCY:     0    0    0    0    0    7   15   62  118  159  131  169  278  266  251


<< end of ENERGY.
>> Model assessment by SOAP-Peptide score
preppdf_455W> None of the non-bonded terms selected.

Dynamically allocated memory at  amaxrestraints [B,KiB,MiB]:      4033884    3939.340     3.847

Dynamically allocated memory at  amaxrestraints [B,KiB,MiB]:      4100844    4004.730     3.911

Dynamically allocated memory at  amaxrestraints [B,KiB,MiB]:      4234764    4135.512     4.039


>> ENERGY; Differences between the model's features and restraints:
Number of all residues in MODEL                   :      174
Number of all, selected real atoms                :     1395    1395
Number of all, selected pseudo atoms              :        0       0
Number of all static, selected restraints         :    16449   16449
COVALENT_CYS                                      :        F
NONBONDED_SEL_ATOMS                               :        1
Number of non-bonded pairs (excluding 1-2,1-3,1-4):    19885
Dynamic pairs routine                             : 2, NATM x NATM cell sorting
Atomic shift for contacts update (UPDATE_DYNAMIC) :    0.390
LENNARD_JONES_SWITCH                              :    6.500   7.500
COULOMB_JONES_SWITCH                              :    6.500   7.500
RESIDUE_SPAN_RANGE                                :        0   99999
NLOGN_USE                                         :       15
CONTACT_SHELL                                     :    5.800
DYNAMIC_PAIRS,_SPHERE,_COULOMB,_LENNARD,_MODELLER :        T       F       F       F       F
SPHERE_STDV                                       :    0.050
RADII_FACTOR                                      :    0.820
Current energy                                    :        -721.3118




<< end of ENERGY.
SOAP-Peptide score                     :  -721.311829
openf___224_> Open           bcl2a1_pcna.B99990001.pdb
wrpdb___568_> Residues, atoms, selected atoms:      174     1395     1395
openf___224_> Open           bcl2a1_pcna.ini

Dynamically allocated memory at       amaxmodel [B,KiB,MiB]:      4234788    4135.535     4.039
read_mo_297_> Segments, residues, atoms:        2      174     1395
read_mo_298_> Segment:        1     1 A   151 A     1224
read_mo_298_> Segment:        2   142 B   164 B      171
randomi_498_> Atoms,selected atoms,random_seed,amplitude:     1395     1395        1        4.0000
randomi_496_> Amplitude is > 0; randomization is done.
pick_re_612_> Number of MODEL atoms, selected restraints;     1395     8519
pick_re_612_> Number of MODEL atoms, selected restraints;     1395    10020
pick_re_612_> Number of MODEL atoms, selected restraints;     1395    10752
pick_re_612_> Number of MODEL atoms, selected restraints;     1395    11533
pick_re_612_> Number of MODEL atoms, selected restraints;     1395    11916
pick_re_612_> Number of MODEL atoms, selected restraints;     1395    12436
pick_re_612_> Number of MODEL atoms, selected restraints;     1395    13441
pick_re_612_> Number of MODEL atoms, selected restraints;     1395    14574
pick_re_612_> Number of MODEL atoms, selected restraints;     1395    16080
pick_re_612_> Number of MODEL atoms, selected restraints;     1395    16449
iupac_m_485_> OD1/2 will be swapped:      169.5461        3     3
iupac_m_487_> NH1/2 swapped:      174.5277       11    11
iupac_m_485_> OD1/2 will be swapped:      148.3755       57    57
iupac_m_486_> OE1/2 will be swapped:      104.3090       76    76
iupac_m_486_> OE1/2 will be swapped:      -92.1471      124   124
iupac_m_487_> NH1/2 swapped:      177.5286      135   135
iupac_m_483_> CD1/2 CE1/2 swapped:      -93.7677      148   148
iupac_m_397W> Atoms were not swapped because of the uncertainty of how to handle the H atom.
iupac_m_486_> OE1/2 will be swapped:     -178.4685      153   143
iupac_m_487_> NH1/2 swapped:     -179.7324      156   146
iupac_m_487_> NH1/2 swapped:     -175.0897      159   149


>> ENERGY; Differences between the model's features and restraints:
Number of all residues in MODEL                   :      174
Number of all, selected real atoms                :     1395    1395
Number of all, selected pseudo atoms              :        0       0
Number of all static, selected restraints         :    16449   16449
COVALENT_CYS                                      :        F
NONBONDED_SEL_ATOMS                               :        1
Number of non-bonded pairs (excluding 1-2,1-3,1-4):     3231
Dynamic pairs routine                             : 2, NATM x NATM cell sorting
Atomic shift for contacts update (UPDATE_DYNAMIC) :    0.390
LENNARD_JONES_SWITCH                              :    6.500   7.500
COULOMB_JONES_SWITCH                              :    6.500   7.500
RESIDUE_SPAN_RANGE                                :        0   99999
NLOGN_USE                                         :       15
CONTACT_SHELL                                     :    4.000
DYNAMIC_PAIRS,_SPHERE,_COULOMB,_LENNARD,_MODELLER :        T       T       F       F       F
SPHERE_STDV                                       :    0.050
RADII_FACTOR                                      :    0.820
Current energy                                    :         650.6538





Summary of the restraint violations: 

   NUM     ... number of restraints.
   NUMVI   ... number of restraints with RVIOL > VIOL_REPORT_CUT[i].
   RVIOL   ... relative difference from the best value.
   NUMVP   ... number of restraints with -Ln(pdf) > VIOL_REPORT_CUT2[i].
   RMS_1   ... RMS(feature, minimally_violated_basis_restraint, NUMB).
   RMS_2   ... RMS(feature, best_value, NUMB).
   MOL.PDF ... scaled contribution to -Ln(Molecular pdf).

 #                     RESTRAINT_GROUP      NUM   NUMVI  NUMVP   RMS_1   RMS_2         MOL.PDF     S_i
------------------------------------------------------------------------------------------------------
 1 Bond length potential              :    1421       0      0   0.005   0.005      8.6974       1.000
 2 Bond angle potential               :    1918       0      4   1.800   1.800      127.15       1.000
 3 Stereochemical cosine torsion poten:     906       0     10  42.399  42.399      246.09       1.000
 4 Stereochemical improper torsion pot:     588       0      0   1.141   1.141      15.866       1.000
 5 Soft-sphere overlap restraints     :    3231       0      0   0.002   0.002      1.2501       1.000
 6 Lennard-Jones 6-12 potential       :       0       0      0   0.000   0.000      0.0000       1.000
 7 Coulomb point-point electrostatic p:       0       0      0   0.000   0.000      0.0000       1.000
 8 H-bonding potential                :       0       0      0   0.000   0.000      0.0000       1.000
 9 Distance restraints 1 (CA-CA)      :    3414       0      0   0.097   0.097      38.284       1.000
10 Distance restraints 2 (N-O)        :    3340       0      0   0.125   0.125      55.443       1.000
11 Mainchain Phi dihedral restraints  :       0       0      0   0.000   0.000      0.0000       1.000
12 Mainchain Psi dihedral restraints  :       0       0      0   0.000   0.000      0.0000       1.000
13 Mainchain Omega dihedral restraints:     172       0      2   3.928   3.928      31.295       1.000
14 Sidechain Chi_1 dihedral restraints:     153       0      2  51.943  51.943      1.6737       1.000
15 Sidechain Chi_2 dihedral restraints:     116       0      0  46.839  46.839      16.377       1.000
16 Sidechain Chi_3 dihedral restraints:      51       0      1  70.247  70.247      41.559       1.000
17 Sidechain Chi_4 dihedral restraints:      20       0      0  81.414  81.414      14.153       1.000
18 Disulfide distance restraints      :       0       0      0   0.000   0.000      0.0000       1.000
19 Disulfide angle restraints         :       0       0      0   0.000   0.000      0.0000       1.000
20 Disulfide dihedral angle restraints:       0       0      0   0.000   0.000      0.0000       1.000
21 Lower bound distance restraints    :       0       0      0   0.000   0.000      0.0000       1.000
22 Upper bound distance restraints    :       0       0      0   0.000   0.000      0.0000       1.000
23 Distance restraints 3 (SDCH-MNCH)  :    2458       0      0   0.379   0.379      44.028       1.000
24 Sidechain Chi_5 dihedral restraints:       0       0      0   0.000   0.000      0.0000       1.000
25 Phi/Psi pair of dihedral restraints:     170       1      9  16.390  16.783     -95.962       1.000
26 Distance restraints 4 (SDCH-SDCH)  :    1721       0      0   0.585   0.585      88.182       1.000
27 Distance restraints 5 (X-Y)        :       1       1      1   0.749   0.749      16.568       1.000
28 NMR distance restraints 6 (X-Y)    :       0       0      0   0.000   0.000      0.0000       1.000
29 NMR distance restraints 7 (X-Y)    :       0       0      0   0.000   0.000      0.0000       1.000
30 Minimal distance restraints        :       0       0      0   0.000   0.000      0.0000       1.000
31 Non-bonded restraints              :       0       0      0   0.000   0.000      0.0000       1.000
32 Atomic accessibility restraints    :       0       0      0   0.000   0.000      0.0000       1.000
33 Atomic density restraints          :       0       0      0   0.000   0.000      0.0000       1.000
34 Absolute position restraints       :       0       0      0   0.000   0.000      0.0000       1.000
35 Dihedral angle difference restraint:       0       0      0   0.000   0.000      0.0000       1.000
36 GBSA implicit solvent potential    :       0       0      0   0.000   0.000      0.0000       1.000
37 EM density fitting potential       :       0       0      0   0.000   0.000      0.0000       1.000
38 SAXS restraints                    :       0       0      0   0.000   0.000      0.0000       1.000
39 Symmetry restraints                :       0       0      0   0.000   0.000      0.0000       1.000



openf___224_> Open           bcl2a1_pcna.V99990002
# Heavy relative violation of each residue is written to: bcl2a1_pcna.V99990002
# The profile is NOT normalized by the number of restraints.
# The profiles are smoothed over a window of residues:    1
# The sum of all numbers in the file:   12346.1816



List of the violated restraints:
   A restraint is violated when the relative difference
   from the best value (RVIOL) is larger than CUTOFF.

   ICSR   ... index of a restraint in the current set.
   RESNO  ... residue numbers of the first two atoms.
   ATM    ... IUPAC atom names of the first two atoms.
   FEAT   ... the value of the feature in the model.
   restr  ... the mean of the basis restraint with the smallest
              difference from the model (local minimum).
   viol   ... difference from the local minimum.
   rviol  ... relative difference from the local minimum.
   RESTR  ... the best value (global minimum).
   VIOL   ... difference from the best value.
   RVIOL  ... relative difference from the best value.


-------------------------------------------------------------------------------------------------

Feature 25                           : Phi/Psi pair of dihedral restraints     
List of the RVIOL violations larger than   :       6.5000

    #   ICSR  RESNO1/2 ATM1/2   INDATM1/2    FEAT   restr    viol   rviol   RESTR    VIOL   RVIOL
    1   4969 136Q 137N C   N    1099 1101  -98.73  -63.20   77.50    8.35  -63.20   77.50    8.35
    1        137N 137N N   CA   1101 1102   27.78  -41.10                  -41.10

-------------------------------------------------------------------------------------------------

Feature 27                           : Distance restraints 5 (X-Y)             
List of the RVIOL violations larger than   :       4.5000

    #   ICSR  RESNO1/2 ATM1/2   INDATM1/2    FEAT   restr    viol   rviol   RESTR    VIOL   RVIOL
    1  16449  74V 161L CA  CA    575 1299    7.75    7.00    0.75    7.49    7.00    0.75    7.49


report______> Distribution of short non-bonded contacts:


DISTANCE1:  0.00 2.10 2.20 2.30 2.40 2.50 2.60 2.70 2.80 2.90 3.00 3.10 3.20 3.30 3.40
DISTANCE2:  2.10 2.20 2.30 2.40 2.50 2.60 2.70 2.80 2.90 3.00 3.10 3.20 3.30 3.40 3.50
FREQUENCY:     0    0    0    0    0    3   12   54  112  146  134  168  255  263  253


<< end of ENERGY.
>> Model assessment by SOAP-Peptide score
preppdf_455W> None of the non-bonded terms selected.


>> ENERGY; Differences between the model's features and restraints:
Number of all residues in MODEL                   :      174
Number of all, selected real atoms                :     1395    1395
Number of all, selected pseudo atoms              :        0       0
Number of all static, selected restraints         :    16449   16449
COVALENT_CYS                                      :        F
NONBONDED_SEL_ATOMS                               :        1
Number of non-bonded pairs (excluding 1-2,1-3,1-4):    19875
Dynamic pairs routine                             : 2, NATM x NATM cell sorting
Atomic shift for contacts update (UPDATE_DYNAMIC) :    0.390
LENNARD_JONES_SWITCH                              :    6.500   7.500
COULOMB_JONES_SWITCH                              :    6.500   7.500
RESIDUE_SPAN_RANGE                                :        0   99999
NLOGN_USE                                         :       15
CONTACT_SHELL                                     :    5.800
DYNAMIC_PAIRS,_SPHERE,_COULOMB,_LENNARD,_MODELLER :        T       F       F       F       F
SPHERE_STDV                                       :    0.050
RADII_FACTOR                                      :    0.820
Current energy                                    :        -617.9749




<< end of ENERGY.
SOAP-Peptide score                     :  -617.974854
openf___224_> Open           bcl2a1_pcna.B99990002.pdb
wrpdb___568_> Residues, atoms, selected atoms:      174     1395     1395
openf___224_> Open           bcl2a1_pcna.ini

Dynamically allocated memory at       amaxmodel [B,KiB,MiB]:      4234788    4135.535     4.039
read_mo_297_> Segments, residues, atoms:        2      174     1395
read_mo_298_> Segment:        1     1 A   151 A     1224
read_mo_298_> Segment:        2   142 B   164 B      171
randomi_498_> Atoms,selected atoms,random_seed,amplitude:     1395     1395        1        4.0000
randomi_496_> Amplitude is > 0; randomization is done.
pick_re_612_> Number of MODEL atoms, selected restraints;     1395     8519
pick_re_612_> Number of MODEL atoms, selected restraints;     1395    10020
pick_re_612_> Number of MODEL atoms, selected restraints;     1395    10752
pick_re_612_> Number of MODEL atoms, selected restraints;     1395    11533
pick_re_612_> Number of MODEL atoms, selected restraints;     1395    11916
pick_re_612_> Number of MODEL atoms, selected restraints;     1395    12436
pick_re_612_> Number of MODEL atoms, selected restraints;     1395    13441
pick_re_612_> Number of MODEL atoms, selected restraints;     1395    14574
pick_re_612_> Number of MODEL atoms, selected restraints;     1395    16080
pick_re_612_> Number of MODEL atoms, selected restraints;     1395    16449
iupac_m_485_> OD1/2 will be swapped:      135.3385        3     3
iupac_m_483_> CD1/2 CE1/2 swapped:      -91.9733        8     8
iupac_m_397W> Atoms were not swapped because of the uncertainty of how to handle the H atom.
iupac_m_487_> NH1/2 swapped:      172.6579       11    11
iupac_m_487_> NH1/2 swapped:      174.1299       68    68
iupac_m_486_> OE1/2 will be swapped:      169.4424       80    80
iupac_m_485_> OD1/2 will be swapped:      103.4191       81    81
iupac_m_487_> NH1/2 swapped:      179.0208      105   105
iupac_m_483_> CD1/2 CE1/2 swapped:      102.2823      120   120
iupac_m_397W> Atoms were not swapped because of the uncertainty of how to handle the H atom.
iupac_m_486_> OE1/2 will be swapped:      166.4362      132   132
iupac_m_483_> CD1/2 CE1/2 swapped:      -98.4240      148   148
iupac_m_397W> Atoms were not swapped because of the uncertainty of how to handle the H atom.
iupac_m_486_> OE1/2 will be swapped:     -166.0876      153   143
iupac_m_487_> NH1/2 swapped:     -179.8573      156   146


>> ENERGY; Differences between the model's features and restraints:
Number of all residues in MODEL                   :      174
Number of all, selected real atoms                :     1395    1395
Number of all, selected pseudo atoms              :        0       0
Number of all static, selected restraints         :    16449   16449
COVALENT_CYS                                      :        F
NONBONDED_SEL_ATOMS                               :        1
Number of non-bonded pairs (excluding 1-2,1-3,1-4):     3140
Dynamic pairs routine                             : 2, NATM x NATM cell sorting
Atomic shift for contacts update (UPDATE_DYNAMIC) :    0.390
LENNARD_JONES_SWITCH                              :    6.500   7.500
COULOMB_JONES_SWITCH                              :    6.500   7.500
RESIDUE_SPAN_RANGE                                :        0   99999
NLOGN_USE                                         :       15
CONTACT_SHELL                                     :    4.000
DYNAMIC_PAIRS,_SPHERE,_COULOMB,_LENNARD,_MODELLER :        T       T       F       F       F
SPHERE_STDV                                       :    0.050
RADII_FACTOR                                      :    0.820
Current energy                                    :         737.6877





Summary of the restraint violations: 

   NUM     ... number of restraints.
   NUMVI   ... number of restraints with RVIOL > VIOL_REPORT_CUT[i].
   RVIOL   ... relative difference from the best value.
   NUMVP   ... number of restraints with -Ln(pdf) > VIOL_REPORT_CUT2[i].
   RMS_1   ... RMS(feature, minimally_violated_basis_restraint, NUMB).
   RMS_2   ... RMS(feature, best_value, NUMB).
   MOL.PDF ... scaled contribution to -Ln(Molecular pdf).

 #                     RESTRAINT_GROUP      NUM   NUMVI  NUMVP   RMS_1   RMS_2         MOL.PDF     S_i
------------------------------------------------------------------------------------------------------
 1 Bond length potential              :    1421       0      0   0.005   0.005      9.5228       1.000
 2 Bond angle potential               :    1918       0      4   1.860   1.860      133.60       1.000
 3 Stereochemical cosine torsion poten:     906       0     10  42.169  42.169      246.58       1.000
 4 Stereochemical improper torsion pot:     588       0      1   1.271   1.271      18.768       1.000
 5 Soft-sphere overlap restraints     :    3140       0      0   0.002   0.002      1.0007       1.000
 6 Lennard-Jones 6-12 potential       :       0       0      0   0.000   0.000      0.0000       1.000
 7 Coulomb point-point electrostatic p:       0       0      0   0.000   0.000      0.0000       1.000
 8 H-bonding potential                :       0       0      0   0.000   0.000      0.0000       1.000
 9 Distance restraints 1 (CA-CA)      :    3414       0      0   0.094   0.094      36.379       1.000
10 Distance restraints 2 (N-O)        :    3340       0      0   0.125   0.125      55.114       1.000
11 Mainchain Phi dihedral restraints  :       0       0      0   0.000   0.000      0.0000       1.000
12 Mainchain Psi dihedral restraints  :       0       0      0   0.000   0.000      0.0000       1.000
13 Mainchain Omega dihedral restraints:     172       0      2   4.011   4.011      32.635       1.000
14 Sidechain Chi_1 dihedral restraints:     153       0      3  53.228  53.228      13.937       1.000
15 Sidechain Chi_2 dihedral restraints:     116       0      3  60.145  60.145      34.469       1.000
16 Sidechain Chi_3 dihedral restraints:      51       0      0  55.294  55.294      32.256       1.000
17 Sidechain Chi_4 dihedral restraints:      20       0      0  81.538  81.538      11.198       1.000
18 Disulfide distance restraints      :       0       0      0   0.000   0.000      0.0000       1.000
19 Disulfide angle restraints         :       0       0      0   0.000   0.000      0.0000       1.000
20 Disulfide dihedral angle restraints:       0       0      0   0.000   0.000      0.0000       1.000
21 Lower bound distance restraints    :       0       0      0   0.000   0.000      0.0000       1.000
22 Upper bound distance restraints    :       0       0      0   0.000   0.000      0.0000       1.000
23 Distance restraints 3 (SDCH-MNCH)  :    2458       0      0   0.376   0.376      60.098       1.000
24 Sidechain Chi_5 dihedral restraints:       0       0      0   0.000   0.000      0.0000       1.000
25 Phi/Psi pair of dihedral restraints:     170       1      8  16.063  16.614     -98.851       1.000
26 Distance restraints 4 (SDCH-SDCH)  :    1721       0      0   0.729   0.729      134.29       1.000
27 Distance restraints 5 (X-Y)        :       1       1      1   0.752   0.752      16.684       1.000
28 NMR distance restraints 6 (X-Y)    :       0       0      0   0.000   0.000      0.0000       1.000
29 NMR distance restraints 7 (X-Y)    :       0       0      0   0.000   0.000      0.0000       1.000
30 Minimal distance restraints        :       0       0      0   0.000   0.000      0.0000       1.000
31 Non-bonded restraints              :       0       0      0   0.000   0.000      0.0000       1.000
32 Atomic accessibility restraints    :       0       0      0   0.000   0.000      0.0000       1.000
33 Atomic density restraints          :       0       0      0   0.000   0.000      0.0000       1.000
34 Absolute position restraints       :       0       0      0   0.000   0.000      0.0000       1.000
35 Dihedral angle difference restraint:       0       0      0   0.000   0.000      0.0000       1.000
36 GBSA implicit solvent potential    :       0       0      0   0.000   0.000      0.0000       1.000
37 EM density fitting potential       :       0       0      0   0.000   0.000      0.0000       1.000
38 SAXS restraints                    :       0       0      0   0.000   0.000      0.0000       1.000
39 Symmetry restraints                :       0       0      0   0.000   0.000      0.0000       1.000



openf___224_> Open           bcl2a1_pcna.V99990003
# Heavy relative violation of each residue is written to: bcl2a1_pcna.V99990003
# The profile is NOT normalized by the number of restraints.
# The profiles are smoothed over a window of residues:    1
# The sum of all numbers in the file:   12781.8135



List of the violated restraints:
   A restraint is violated when the relative difference
   from the best value (RVIOL) is larger than CUTOFF.

   ICSR   ... index of a restraint in the current set.
   RESNO  ... residue numbers of the first two atoms.
   ATM    ... IUPAC atom names of the first two atoms.
   FEAT   ... the value of the feature in the model.
   restr  ... the mean of the basis restraint with the smallest
              difference from the model (local minimum).
   viol   ... difference from the local minimum.
   rviol  ... relative difference from the local minimum.
   RESTR  ... the best value (global minimum).
   VIOL   ... difference from the best value.
   RVIOL  ... relative difference from the best value.


-------------------------------------------------------------------------------------------------

Feature 25                           : Phi/Psi pair of dihedral restraints     
List of the RVIOL violations larger than   :       6.5000

    #   ICSR  RESNO1/2 ATM1/2   INDATM1/2    FEAT   restr    viol   rviol   RESTR    VIOL   RVIOL
    1   4969 136Q 137N C   N    1099 1101  -99.89  -63.20   81.88    8.83  -63.20   81.88    8.83
    1        137N 137N N   CA   1101 1102   32.10  -41.10                  -41.10

-------------------------------------------------------------------------------------------------

Feature 27                           : Distance restraints 5 (X-Y)             
List of the RVIOL violations larger than   :       4.5000

    #   ICSR  RESNO1/2 ATM1/2   INDATM1/2    FEAT   restr    viol   rviol   RESTR    VIOL   RVIOL
    1  16449  74V 161L CA  CA    575 1299    7.75    7.00    0.75    7.52    7.00    0.75    7.52


report______> Distribution of short non-bonded contacts:


DISTANCE1:  0.00 2.10 2.20 2.30 2.40 2.50 2.60 2.70 2.80 2.90 3.00 3.10 3.20 3.30 3.40
DISTANCE2:  2.10 2.20 2.30 2.40 2.50 2.60 2.70 2.80 2.90 3.00 3.10 3.20 3.30 3.40 3.50
FREQUENCY:     0    0    0    0    0    8   14   55  115  138  135  160  265  252  237


<< end of ENERGY.
>> Model assessment by SOAP-Peptide score
preppdf_455W> None of the non-bonded terms selected.


>> ENERGY; Differences between the model's features and restraints:
Number of all residues in MODEL                   :      174
Number of all, selected real atoms                :     1395    1395
Number of all, selected pseudo atoms              :        0       0
Number of all static, selected restraints         :    16449   16449
COVALENT_CYS                                      :        F
NONBONDED_SEL_ATOMS                               :        1
Number of non-bonded pairs (excluding 1-2,1-3,1-4):    19454
Dynamic pairs routine                             : 2, NATM x NATM cell sorting
Atomic shift for contacts update (UPDATE_DYNAMIC) :    0.390
LENNARD_JONES_SWITCH                              :    6.500   7.500
COULOMB_JONES_SWITCH                              :    6.500   7.500
RESIDUE_SPAN_RANGE                                :        0   99999
NLOGN_USE                                         :       15
CONTACT_SHELL                                     :    5.800
DYNAMIC_PAIRS,_SPHERE,_COULOMB,_LENNARD,_MODELLER :        T       F       F       F       F
SPHERE_STDV                                       :    0.050
RADII_FACTOR                                      :    0.820
Current energy                                    :        -664.4176




<< end of ENERGY.
SOAP-Peptide score                     :  -664.417603
openf___224_> Open           bcl2a1_pcna.B99990003.pdb
wrpdb___568_> Residues, atoms, selected atoms:      174     1395     1395
openf___224_> Open           bcl2a1_pcna.ini

Dynamically allocated memory at       amaxmodel [B,KiB,MiB]:      4234788    4135.535     4.039
read_mo_297_> Segments, residues, atoms:        2      174     1395
read_mo_298_> Segment:        1     1 A   151 A     1224
read_mo_298_> Segment:        2   142 B   164 B      171
randomi_498_> Atoms,selected atoms,random_seed,amplitude:     1395     1395        1        4.0000
randomi_496_> Amplitude is > 0; randomization is done.
pick_re_612_> Number of MODEL atoms, selected restraints;     1395     8519
pick_re_612_> Number of MODEL atoms, selected restraints;     1395    10020
pick_re_612_> Number of MODEL atoms, selected restraints;     1395    10752
pick_re_612_> Number of MODEL atoms, selected restraints;     1395    11533
pick_re_612_> Number of MODEL atoms, selected restraints;     1395    11916
pick_re_612_> Number of MODEL atoms, selected restraints;     1395    12436
pick_re_612_> Number of MODEL atoms, selected restraints;     1395    13441
pick_re_612_> Number of MODEL atoms, selected restraints;     1395    14574
pick_re_612_> Number of MODEL atoms, selected restraints;     1395    16080
pick_re_612_> Number of MODEL atoms, selected restraints;     1395    16449
iupac_m_485_> OD1/2 will be swapped:      161.5877        3     3
iupac_m_487_> NH1/2 swapped:     -176.4811       35    35
iupac_m_486_> OE1/2 will be swapped:     -173.2896       80    80
iupac_m_487_> NH1/2 swapped:      179.6608      105   105
iupac_m_487_> NH1/2 swapped:     -179.7259      135   135
iupac_m_483_> CD1/2 CE1/2 swapped:      -95.9111      148   148
iupac_m_397W> Atoms were not swapped because of the uncertainty of how to handle the H atom.
iupac_m_486_> OE1/2 will be swapped:      122.0921      153   143
iupac_m_487_> NH1/2 swapped:      179.8198      156   146


>> ENERGY; Differences between the model's features and restraints:
Number of all residues in MODEL                   :      174
Number of all, selected real atoms                :     1395    1395
Number of all, selected pseudo atoms              :        0       0
Number of all static, selected restraints         :    16449   16449
COVALENT_CYS                                      :        F
NONBONDED_SEL_ATOMS                               :        1
Number of non-bonded pairs (excluding 1-2,1-3,1-4):     3214
Dynamic pairs routine                             : 2, NATM x NATM cell sorting
Atomic shift for contacts update (UPDATE_DYNAMIC) :    0.390
LENNARD_JONES_SWITCH                              :    6.500   7.500
COULOMB_JONES_SWITCH                              :    6.500   7.500
RESIDUE_SPAN_RANGE                                :        0   99999
NLOGN_USE                                         :       15
CONTACT_SHELL                                     :    4.000
DYNAMIC_PAIRS,_SPHERE,_COULOMB,_LENNARD,_MODELLER :        T       T       F       F       F
SPHERE_STDV                                       :    0.050
RADII_FACTOR                                      :    0.820
Current energy                                    :         646.4232





Summary of the restraint violations: 

   NUM     ... number of restraints.
   NUMVI   ... number of restraints with RVIOL > VIOL_REPORT_CUT[i].
   RVIOL   ... relative difference from the best value.
   NUMVP   ... number of restraints with -Ln(pdf) > VIOL_REPORT_CUT2[i].
   RMS_1   ... RMS(feature, minimally_violated_basis_restraint, NUMB).
   RMS_2   ... RMS(feature, best_value, NUMB).
   MOL.PDF ... scaled contribution to -Ln(Molecular pdf).

 #                     RESTRAINT_GROUP      NUM   NUMVI  NUMVP   RMS_1   RMS_2         MOL.PDF     S_i
------------------------------------------------------------------------------------------------------
 1 Bond length potential              :    1421       0      0   0.005   0.005      8.9100       1.000
 2 Bond angle potential               :    1918       0      5   1.795   1.795      126.62       1.000
 3 Stereochemical cosine torsion poten:     906       0     10  42.449  42.449      247.05       1.000
 4 Stereochemical improper torsion pot:     588       0      0   1.123   1.123      15.186       1.000
 5 Soft-sphere overlap restraints     :    3214       0      0   0.002   0.002      1.0161       1.000
 6 Lennard-Jones 6-12 potential       :       0       0      0   0.000   0.000      0.0000       1.000
 7 Coulomb point-point electrostatic p:       0       0      0   0.000   0.000      0.0000       1.000
 8 H-bonding potential                :       0       0      0   0.000   0.000      0.0000       1.000
 9 Distance restraints 1 (CA-CA)      :    3414       0      0   0.090   0.090      32.874       1.000
10 Distance restraints 2 (N-O)        :    3340       0      0   0.126   0.126      54.614       1.000
11 Mainchain Phi dihedral restraints  :       0       0      0   0.000   0.000      0.0000       1.000
12 Mainchain Psi dihedral restraints  :       0       0      0   0.000   0.000      0.0000       1.000
13 Mainchain Omega dihedral restraints:     172       0      1   3.958   3.958      31.782       1.000
14 Sidechain Chi_1 dihedral restraints:     153       0      0  55.931  55.931      4.3112       1.000
15 Sidechain Chi_2 dihedral restraints:     116       0      0  52.614  52.614      23.972       1.000
16 Sidechain Chi_3 dihedral restraints:      51       0      0  63.751  63.751      34.409       1.000
17 Sidechain Chi_4 dihedral restraints:      20       0      0  87.826  87.826      13.737       1.000
18 Disulfide distance restraints      :       0       0      0   0.000   0.000      0.0000       1.000
19 Disulfide angle restraints         :       0       0      0   0.000   0.000      0.0000       1.000
20 Disulfide dihedral angle restraints:       0       0      0   0.000   0.000      0.0000       1.000
21 Lower bound distance restraints    :       0       0      0   0.000   0.000      0.0000       1.000
22 Upper bound distance restraints    :       0       0      0   0.000   0.000      0.0000       1.000
23 Distance restraints 3 (SDCH-MNCH)  :    2458       0      0   0.350   0.350      43.998       1.000
24 Sidechain Chi_5 dihedral restraints:       0       0      0   0.000   0.000      0.0000       1.000
25 Phi/Psi pair of dihedral restraints:     170       1      8  15.578  16.154     -100.16       1.000
26 Distance restraints 4 (SDCH-SDCH)  :    1721       0      1   0.588   0.588      89.098       1.000
27 Distance restraints 5 (X-Y)        :       1       1      1   0.803   0.803      19.007       1.000
28 NMR distance restraints 6 (X-Y)    :       0       0      0   0.000   0.000      0.0000       1.000
29 NMR distance restraints 7 (X-Y)    :       0       0      0   0.000   0.000      0.0000       1.000
30 Minimal distance restraints        :       0       0      0   0.000   0.000      0.0000       1.000
31 Non-bonded restraints              :       0       0      0   0.000   0.000      0.0000       1.000
32 Atomic accessibility restraints    :       0       0      0   0.000   0.000      0.0000       1.000
33 Atomic density restraints          :       0       0      0   0.000   0.000      0.0000       1.000
34 Absolute position restraints       :       0       0      0   0.000   0.000      0.0000       1.000
35 Dihedral angle difference restraint:       0       0      0   0.000   0.000      0.0000       1.000
36 GBSA implicit solvent potential    :       0       0      0   0.000   0.000      0.0000       1.000
37 EM density fitting potential       :       0       0      0   0.000   0.000      0.0000       1.000
38 SAXS restraints                    :       0       0      0   0.000   0.000      0.0000       1.000
39 Symmetry restraints                :       0       0      0   0.000   0.000      0.0000       1.000



openf___224_> Open           bcl2a1_pcna.V99990004
# Heavy relative violation of each residue is written to: bcl2a1_pcna.V99990004
# The profile is NOT normalized by the number of restraints.
# The profiles are smoothed over a window of residues:    1
# The sum of all numbers in the file:   12263.7197



List of the violated restraints:
   A restraint is violated when the relative difference
   from the best value (RVIOL) is larger than CUTOFF.

   ICSR   ... index of a restraint in the current set.
   RESNO  ... residue numbers of the first two atoms.
   ATM    ... IUPAC atom names of the first two atoms.
   FEAT   ... the value of the feature in the model.
   restr  ... the mean of the basis restraint with the smallest
              difference from the model (local minimum).
   viol   ... difference from the local minimum.
   rviol  ... relative difference from the local minimum.
   RESTR  ... the best value (global minimum).
   VIOL   ... difference from the best value.
   RVIOL  ... relative difference from the best value.


-------------------------------------------------------------------------------------------------

Feature 25                           : Phi/Psi pair of dihedral restraints     
List of the RVIOL violations larger than   :       6.5000

    #   ICSR  RESNO1/2 ATM1/2   INDATM1/2    FEAT   restr    viol   rviol   RESTR    VIOL   RVIOL
    1   4969 136Q 137N C   N    1099 1101 -100.41  -63.20   82.23    8.87  -63.20   82.23    8.87
    1        137N 137N N   CA   1101 1102   32.23  -41.10                  -41.10

-------------------------------------------------------------------------------------------------

Feature 27                           : Distance restraints 5 (X-Y)             
List of the RVIOL violations larger than   :       4.5000

    #   ICSR  RESNO1/2 ATM1/2   INDATM1/2    FEAT   restr    viol   rviol   RESTR    VIOL   RVIOL
    1  16449  74V 161L CA  CA    575 1299    7.80    7.00    0.80    8.03    7.00    0.80    8.03


report______> Distribution of short non-bonded contacts:


DISTANCE1:  0.00 2.10 2.20 2.30 2.40 2.50 2.60 2.70 2.80 2.90 3.00 3.10 3.20 3.30 3.40
DISTANCE2:  2.10 2.20 2.30 2.40 2.50 2.60 2.70 2.80 2.90 3.00 3.10 3.20 3.30 3.40 3.50
FREQUENCY:     0    0    0    0    0    5   10   53  121  135  130  160  268  269  240


<< end of ENERGY.
>> Model assessment by SOAP-Peptide score
preppdf_455W> None of the non-bonded terms selected.


>> ENERGY; Differences between the model's features and restraints:
Number of all residues in MODEL                   :      174
Number of all, selected real atoms                :     1395    1395
Number of all, selected pseudo atoms              :        0       0
Number of all static, selected restraints         :    16449   16449
COVALENT_CYS                                      :        F
NONBONDED_SEL_ATOMS                               :        1
Number of non-bonded pairs (excluding 1-2,1-3,1-4):    19767
Dynamic pairs routine                             : 2, NATM x NATM cell sorting
Atomic shift for contacts update (UPDATE_DYNAMIC) :    0.390
LENNARD_JONES_SWITCH                              :    6.500   7.500
COULOMB_JONES_SWITCH                              :    6.500   7.500
RESIDUE_SPAN_RANGE                                :        0   99999
NLOGN_USE                                         :       15
CONTACT_SHELL                                     :    5.800
DYNAMIC_PAIRS,_SPHERE,_COULOMB,_LENNARD,_MODELLER :        T       F       F       F       F
SPHERE_STDV                                       :    0.050
RADII_FACTOR                                      :    0.820
Current energy                                    :        -707.8474




<< end of ENERGY.
SOAP-Peptide score                     :  -707.847412
openf___224_> Open           bcl2a1_pcna.B99990004.pdb
wrpdb___568_> Residues, atoms, selected atoms:      174     1395     1395
openf___224_> Open           bcl2a1_pcna.ini

Dynamically allocated memory at       amaxmodel [B,KiB,MiB]:      4234788    4135.535     4.039
read_mo_297_> Segments, residues, atoms:        2      174     1395
read_mo_298_> Segment:        1     1 A   151 A     1224
read_mo_298_> Segment:        2   142 B   164 B      171
randomi_498_> Atoms,selected atoms,random_seed,amplitude:     1395     1395        1        4.0000
randomi_496_> Amplitude is > 0; randomization is done.
pick_re_612_> Number of MODEL atoms, selected restraints;     1395     8519
pick_re_612_> Number of MODEL atoms, selected restraints;     1395    10020
pick_re_612_> Number of MODEL atoms, selected restraints;     1395    10752
pick_re_612_> Number of MODEL atoms, selected restraints;     1395    11533
pick_re_612_> Number of MODEL atoms, selected restraints;     1395    11916
pick_re_612_> Number of MODEL atoms, selected restraints;     1395    12436
pick_re_612_> Number of MODEL atoms, selected restraints;     1395    13441
pick_re_612_> Number of MODEL atoms, selected restraints;     1395    14574
pick_re_612_> Number of MODEL atoms, selected restraints;     1395    16080
pick_re_612_> Number of MODEL atoms, selected restraints;     1395    16449
iupac_m_483_> CD1/2 CE1/2 swapped:     -138.1149       42    42
iupac_m_397W> Atoms were not swapped because of the uncertainty of how to handle the H atom.
iupac_m_485_> OD1/2 will be swapped:      128.0457       57    57
iupac_m_486_> OE1/2 will be swapped:      165.1174       80    80
iupac_m_486_> OE1/2 will be swapped:     -141.8519       96    96
iupac_m_485_> OD1/2 will be swapped:      152.9323      113   113
iupac_m_483_> CD1/2 CE1/2 swapped:      -97.9488      148   148
iupac_m_397W> Atoms were not swapped because of the uncertainty of how to handle the H atom.
iupac_m_486_> OE1/2 will be swapped:      110.4892      149   149
iupac_m_487_> NH1/2 swapped:     -179.6967      159   149


>> ENERGY; Differences between the model's features and restraints:
Number of all residues in MODEL                   :      174
Number of all, selected real atoms                :     1395    1395
Number of all, selected pseudo atoms              :        0       0
Number of all static, selected restraints         :    16449   16449
COVALENT_CYS                                      :        F
NONBONDED_SEL_ATOMS                               :        1
Number of non-bonded pairs (excluding 1-2,1-3,1-4):     3163
Dynamic pairs routine                             : 2, NATM x NATM cell sorting
Atomic shift for contacts update (UPDATE_DYNAMIC) :    0.390
LENNARD_JONES_SWITCH                              :    6.500   7.500
COULOMB_JONES_SWITCH                              :    6.500   7.500
RESIDUE_SPAN_RANGE                                :        0   99999
NLOGN_USE                                         :       15
CONTACT_SHELL                                     :    4.000
DYNAMIC_PAIRS,_SPHERE,_COULOMB,_LENNARD,_MODELLER :        T       T       F       F       F
SPHERE_STDV                                       :    0.050
RADII_FACTOR                                      :    0.820
Current energy                                    :         655.9401





Summary of the restraint violations: 

   NUM     ... number of restraints.
   NUMVI   ... number of restraints with RVIOL > VIOL_REPORT_CUT[i].
   RVIOL   ... relative difference from the best value.
   NUMVP   ... number of restraints with -Ln(pdf) > VIOL_REPORT_CUT2[i].
   RMS_1   ... RMS(feature, minimally_violated_basis_restraint, NUMB).
   RMS_2   ... RMS(feature, best_value, NUMB).
   MOL.PDF ... scaled contribution to -Ln(Molecular pdf).

 #                     RESTRAINT_GROUP      NUM   NUMVI  NUMVP   RMS_1   RMS_2         MOL.PDF     S_i
------------------------------------------------------------------------------------------------------
 1 Bond length potential              :    1421       0      0   0.005   0.005      9.6988       1.000
 2 Bond angle potential               :    1918       0      6   1.839   1.839      131.86       1.000
 3 Stereochemical cosine torsion poten:     906       0     11  42.412  42.412      247.66       1.000
 4 Stereochemical improper torsion pot:     588       0      0   1.160   1.160      16.058       1.000
 5 Soft-sphere overlap restraints     :    3163       0      0   0.001   0.001     0.72757       1.000
 6 Lennard-Jones 6-12 potential       :       0       0      0   0.000   0.000      0.0000       1.000
 7 Coulomb point-point electrostatic p:       0       0      0   0.000   0.000      0.0000       1.000
 8 H-bonding potential                :       0       0      0   0.000   0.000      0.0000       1.000
 9 Distance restraints 1 (CA-CA)      :    3414       0      0   0.093   0.093      35.318       1.000
10 Distance restraints 2 (N-O)        :    3340       0      1   0.131   0.131      58.808       1.000
11 Mainchain Phi dihedral restraints  :       0       0      0   0.000   0.000      0.0000       1.000
12 Mainchain Psi dihedral restraints  :       0       0      0   0.000   0.000      0.0000       1.000
13 Mainchain Omega dihedral restraints:     172       0      1   4.032   4.032      32.968       1.000
14 Sidechain Chi_1 dihedral restraints:     153       0      1  50.771  50.771     0.75567       1.000
15 Sidechain Chi_2 dihedral restraints:     116       0      1  47.453  47.453      14.357       1.000
16 Sidechain Chi_3 dihedral restraints:      51       0      0  68.153  68.153      35.577       1.000
17 Sidechain Chi_4 dihedral restraints:      20       0      0  87.579  87.579      13.148       1.000
18 Disulfide distance restraints      :       0       0      0   0.000   0.000      0.0000       1.000
19 Disulfide angle restraints         :       0       0      0   0.000   0.000      0.0000       1.000
20 Disulfide dihedral angle restraints:       0       0      0   0.000   0.000      0.0000       1.000
21 Lower bound distance restraints    :       0       0      0   0.000   0.000      0.0000       1.000
22 Upper bound distance restraints    :       0       0      0   0.000   0.000      0.0000       1.000
23 Distance restraints 3 (SDCH-MNCH)  :    2458       0      0   0.320   0.320      41.427       1.000
24 Sidechain Chi_5 dihedral restraints:       0       0      0   0.000   0.000      0.0000       1.000
25 Phi/Psi pair of dihedral restraints:     170       3     10  17.648  23.677     -93.685       1.000
26 Distance restraints 4 (SDCH-SDCH)  :    1721       0      0   0.595   0.595      92.059       1.000
27 Distance restraints 5 (X-Y)        :       1       1      1   0.807   0.807      19.208       1.000
28 NMR distance restraints 6 (X-Y)    :       0       0      0   0.000   0.000      0.0000       1.000
29 NMR distance restraints 7 (X-Y)    :       0       0      0   0.000   0.000      0.0000       1.000
30 Minimal distance restraints        :       0       0      0   0.000   0.000      0.0000       1.000
31 Non-bonded restraints              :       0       0      0   0.000   0.000      0.0000       1.000
32 Atomic accessibility restraints    :       0       0      0   0.000   0.000      0.0000       1.000
33 Atomic density restraints          :       0       0      0   0.000   0.000      0.0000       1.000
34 Absolute position restraints       :       0       0      0   0.000   0.000      0.0000       1.000
35 Dihedral angle difference restraint:       0       0      0   0.000   0.000      0.0000       1.000
36 GBSA implicit solvent potential    :       0       0      0   0.000   0.000      0.0000       1.000
37 EM density fitting potential       :       0       0      0   0.000   0.000      0.0000       1.000
38 SAXS restraints                    :       0       0      0   0.000   0.000      0.0000       1.000
39 Symmetry restraints                :       0       0      0   0.000   0.000      0.0000       1.000



openf___224_> Open           bcl2a1_pcna.V99990005
# Heavy relative violation of each residue is written to: bcl2a1_pcna.V99990005
# The profile is NOT normalized by the number of restraints.
# The profiles are smoothed over a window of residues:    1
# The sum of all numbers in the file:   12250.5928



List of the violated restraints:
   A restraint is violated when the relative difference
   from the best value (RVIOL) is larger than CUTOFF.

   ICSR   ... index of a restraint in the current set.
   RESNO  ... residue numbers of the first two atoms.
   ATM    ... IUPAC atom names of the first two atoms.
   FEAT   ... the value of the feature in the model.
   restr  ... the mean of the basis restraint with the smallest
              difference from the model (local minimum).
   viol   ... difference from the local minimum.
   rviol  ... relative difference from the local minimum.
   RESTR  ... the best value (global minimum).
   VIOL   ... difference from the best value.
   RVIOL  ... relative difference from the best value.


-------------------------------------------------------------------------------------------------

Feature 25                           : Phi/Psi pair of dihedral restraints     
List of the RVIOL violations larger than   :       6.5000

    #   ICSR  RESNO1/2 ATM1/2   INDATM1/2    FEAT   restr    viol   rviol   RESTR    VIOL   RVIOL
    1   4858  25Q  26P C   N     208  210  -63.01  -58.70    4.87    0.69  -64.50  179.98   13.35
    1         26P  26P N   CA    210  211  -32.78  -30.50                  147.20
    2   4859  26P  27G C   N     215  217  -59.42 -167.20  109.46    2.58   78.70  138.13    6.98
    2         27G  27G N   CA    217  218 -166.27  174.60                 -166.10
    3   4969 136Q 137N C   N    1099 1101 -100.01  -63.20   81.91    8.83  -63.20   81.91    8.83
    3        137N 137N N   CA   1101 1102   32.07  -41.10                  -41.10

-------------------------------------------------------------------------------------------------

Feature 27                           : Distance restraints 5 (X-Y)             
List of the RVIOL violations larger than   :       4.5000

    #   ICSR  RESNO1/2 ATM1/2   INDATM1/2    FEAT   restr    viol   rviol   RESTR    VIOL   RVIOL
    1  16449  74V 161L CA  CA    575 1299    7.81    7.00    0.81    8.07    7.00    0.81    8.07


report______> Distribution of short non-bonded contacts:


DISTANCE1:  0.00 2.10 2.20 2.30 2.40 2.50 2.60 2.70 2.80 2.90 3.00 3.10 3.20 3.30 3.40
DISTANCE2:  2.10 2.20 2.30 2.40 2.50 2.60 2.70 2.80 2.90 3.00 3.10 3.20 3.30 3.40 3.50
FREQUENCY:     0    0    0    0    0    8    8   59  111  134  129  153  276  236  251


<< end of ENERGY.
>> Model assessment by SOAP-Peptide score
preppdf_455W> None of the non-bonded terms selected.


>> ENERGY; Differences between the model's features and restraints:
Number of all residues in MODEL                   :      174
Number of all, selected real atoms                :     1395    1395
Number of all, selected pseudo atoms              :        0       0
Number of all static, selected restraints         :    16449   16449
COVALENT_CYS                                      :        F
NONBONDED_SEL_ATOMS                               :        1
Number of non-bonded pairs (excluding 1-2,1-3,1-4):    19536
Dynamic pairs routine                             : 2, NATM x NATM cell sorting
Atomic shift for contacts update (UPDATE_DYNAMIC) :    0.390
LENNARD_JONES_SWITCH                              :    6.500   7.500
COULOMB_JONES_SWITCH                              :    6.500   7.500
RESIDUE_SPAN_RANGE                                :        0   99999
NLOGN_USE                                         :       15
CONTACT_SHELL                                     :    5.800
DYNAMIC_PAIRS,_SPHERE,_COULOMB,_LENNARD,_MODELLER :        T       F       F       F       F
SPHERE_STDV                                       :    0.050
RADII_FACTOR                                      :    0.820
Current energy                                    :        -689.7036




<< end of ENERGY.
SOAP-Peptide score                     :  -689.703552
openf___224_> Open           bcl2a1_pcna.B99990005.pdb
wrpdb___568_> Residues, atoms, selected atoms:      174     1395     1395
openf___224_> Open           bcl2a1_pcna.ini

Dynamically allocated memory at       amaxmodel [B,KiB,MiB]:      4234788    4135.535     4.039
read_mo_297_> Segments, residues, atoms:        2      174     1395
read_mo_298_> Segment:        1     1 A   151 A     1224
read_mo_298_> Segment:        2   142 B   164 B      171
randomi_498_> Atoms,selected atoms,random_seed,amplitude:     1395     1395        1        4.0000
randomi_496_> Amplitude is > 0; randomization is done.
pick_re_612_> Number of MODEL atoms, selected restraints;     1395     8519
pick_re_612_> Number of MODEL atoms, selected restraints;     1395    10020
pick_re_612_> Number of MODEL atoms, selected restraints;     1395    10752
pick_re_612_> Number of MODEL atoms, selected restraints;     1395    11533
pick_re_612_> Number of MODEL atoms, selected restraints;     1395    11916
pick_re_612_> Number of MODEL atoms, selected restraints;     1395    12436
pick_re_612_> Number of MODEL atoms, selected restraints;     1395    13441
pick_re_612_> Number of MODEL atoms, selected restraints;     1395    14574
pick_re_612_> Number of MODEL atoms, selected restraints;     1395    16080
pick_re_612_> Number of MODEL atoms, selected restraints;     1395    16449
iupac_m_487_> NH1/2 swapped:      178.0614       11    11
iupac_m_487_> NH1/2 swapped:     -172.0587       88    88
iupac_m_487_> NH1/2 swapped:      178.9730      105   105
iupac_m_483_> CD1/2 CE1/2 swapped:      -96.5710      148   148
iupac_m_397W> Atoms were not swapped because of the uncertainty of how to handle the H atom.
iupac_m_486_> OE1/2 will be swapped:     -109.5269      153   143


>> ENERGY; Differences between the model's features and restraints:
Number of all residues in MODEL                   :      174
Number of all, selected real atoms                :     1395    1395
Number of all, selected pseudo atoms              :        0       0
Number of all static, selected restraints         :    16449   16449
COVALENT_CYS                                      :        F
NONBONDED_SEL_ATOMS                               :        1
Number of non-bonded pairs (excluding 1-2,1-3,1-4):     3235
Dynamic pairs routine                             : 2, NATM x NATM cell sorting
Atomic shift for contacts update (UPDATE_DYNAMIC) :    0.390
LENNARD_JONES_SWITCH                              :    6.500   7.500
COULOMB_JONES_SWITCH                              :    6.500   7.500
RESIDUE_SPAN_RANGE                                :        0   99999
NLOGN_USE                                         :       15
CONTACT_SHELL                                     :    4.000
DYNAMIC_PAIRS,_SPHERE,_COULOMB,_LENNARD,_MODELLER :        T       T       F       F       F
SPHERE_STDV                                       :    0.050
RADII_FACTOR                                      :    0.820
Current energy                                    :         710.3597





Summary of the restraint violations: 

   NUM     ... number of restraints.
   NUMVI   ... number of restraints with RVIOL > VIOL_REPORT_CUT[i].
   RVIOL   ... relative difference from the best value.
   NUMVP   ... number of restraints with -Ln(pdf) > VIOL_REPORT_CUT2[i].
   RMS_1   ... RMS(feature, minimally_violated_basis_restraint, NUMB).
   RMS_2   ... RMS(feature, best_value, NUMB).
   MOL.PDF ... scaled contribution to -Ln(Molecular pdf).

 #                     RESTRAINT_GROUP      NUM   NUMVI  NUMVP   RMS_1   RMS_2         MOL.PDF     S_i
------------------------------------------------------------------------------------------------------
 1 Bond length potential              :    1421       0      0   0.005   0.005      9.1295       1.000
 2 Bond angle potential               :    1918       0      4   1.836   1.836      131.62       1.000
 3 Stereochemical cosine torsion poten:     906       0     13  42.177  42.177      249.48       1.000
 4 Stereochemical improper torsion pot:     588       0      0   1.245   1.245      18.221       1.000
 5 Soft-sphere overlap restraints     :    3235       0      0   0.002   0.002     0.96734       1.000
 6 Lennard-Jones 6-12 potential       :       0       0      0   0.000   0.000      0.0000       1.000
 7 Coulomb point-point electrostatic p:       0       0      0   0.000   0.000      0.0000       1.000
 8 H-bonding potential                :       0       0      0   0.000   0.000      0.0000       1.000
 9 Distance restraints 1 (CA-CA)      :    3414       0      0   0.094   0.094      35.473       1.000
10 Distance restraints 2 (N-O)        :    3340       0      0   0.131   0.131      58.209       1.000
11 Mainchain Phi dihedral restraints  :       0       0      0   0.000   0.000      0.0000       1.000
12 Mainchain Psi dihedral restraints  :       0       0      0   0.000   0.000      0.0000       1.000
13 Mainchain Omega dihedral restraints:     172       0      1   3.975   3.975      32.050       1.000
14 Sidechain Chi_1 dihedral restraints:     153       0      0  56.575  56.575      12.521       1.000
15 Sidechain Chi_2 dihedral restraints:     116       0      0  54.523  54.523      21.183       1.000
16 Sidechain Chi_3 dihedral restraints:      51       0      0  56.006  56.006      32.524       1.000
17 Sidechain Chi_4 dihedral restraints:      20       0      0  91.049  91.049      11.162       1.000
18 Disulfide distance restraints      :       0       0      0   0.000   0.000      0.0000       1.000
19 Disulfide angle restraints         :       0       0      0   0.000   0.000      0.0000       1.000
20 Disulfide dihedral angle restraints:       0       0      0   0.000   0.000      0.0000       1.000
21 Lower bound distance restraints    :       0       0      0   0.000   0.000      0.0000       1.000
22 Upper bound distance restraints    :       0       0      0   0.000   0.000      0.0000       1.000
23 Distance restraints 3 (SDCH-MNCH)  :    2458       0      0   0.359   0.359      54.177       1.000
24 Sidechain Chi_5 dihedral restraints:       0       0      0   0.000   0.000      0.0000       1.000
25 Phi/Psi pair of dihedral restraints:     170       2     10  16.051  20.011     -93.523       1.000
26 Distance restraints 4 (SDCH-SDCH)  :    1721       0      0   0.677   0.677      118.04       1.000
27 Distance restraints 5 (X-Y)        :       1       1      1   0.805   0.805      19.131       1.000
28 NMR distance restraints 6 (X-Y)    :       0       0      0   0.000   0.000      0.0000       1.000
29 NMR distance restraints 7 (X-Y)    :       0       0      0   0.000   0.000      0.0000       1.000
30 Minimal distance restraints        :       0       0      0   0.000   0.000      0.0000       1.000
31 Non-bonded restraints              :       0       0      0   0.000   0.000      0.0000       1.000
32 Atomic accessibility restraints    :       0       0      0   0.000   0.000      0.0000       1.000
33 Atomic density restraints          :       0       0      0   0.000   0.000      0.0000       1.000
34 Absolute position restraints       :       0       0      0   0.000   0.000      0.0000       1.000
35 Dihedral angle difference restraint:       0       0      0   0.000   0.000      0.0000       1.000
36 GBSA implicit solvent potential    :       0       0      0   0.000   0.000      0.0000       1.000
37 EM density fitting potential       :       0       0      0   0.000   0.000      0.0000       1.000
38 SAXS restraints                    :       0       0      0   0.000   0.000      0.0000       1.000
39 Symmetry restraints                :       0       0      0   0.000   0.000      0.0000       1.000



openf___224_> Open           bcl2a1_pcna.V99990006
# Heavy relative violation of each residue is written to: bcl2a1_pcna.V99990006
# The profile is NOT normalized by the number of restraints.
# The profiles are smoothed over a window of residues:    1
# The sum of all numbers in the file:   12822.8779



List of the violated restraints:
   A restraint is violated when the relative difference
   from the best value (RVIOL) is larger than CUTOFF.

   ICSR   ... index of a restraint in the current set.
   RESNO  ... residue numbers of the first two atoms.
   ATM    ... IUPAC atom names of the first two atoms.
   FEAT   ... the value of the feature in the model.
   restr  ... the mean of the basis restraint with the smallest
              difference from the model (local minimum).
   viol   ... difference from the local minimum.
   rviol  ... relative difference from the local minimum.
   RESTR  ... the best value (global minimum).
   VIOL   ... difference from the best value.
   RVIOL  ... relative difference from the best value.


-------------------------------------------------------------------------------------------------

Feature 25                           : Phi/Psi pair of dihedral restraints     
List of the RVIOL violations larger than   :       6.5000

    #   ICSR  RESNO1/2 ATM1/2   INDATM1/2    FEAT   restr    viol   rviol   RESTR    VIOL   RVIOL
    1   4969 136Q 137N C   N    1099 1101 -101.12  -63.20   84.61    9.13  -63.20   84.61    9.13
    1        137N 137N N   CA   1101 1102   34.53  -41.10                  -41.10
    2   4982 149E 150P C   N    1206 1208  -53.35  -58.70   34.62    2.45  -64.50  148.51   11.68
    2        150P 150P N   CA   1208 1209  -64.71  -30.50                  147.20

-------------------------------------------------------------------------------------------------

Feature 27                           : Distance restraints 5 (X-Y)             
List of the RVIOL violations larger than   :       4.5000

    #   ICSR  RESNO1/2 ATM1/2   INDATM1/2    FEAT   restr    viol   rviol   RESTR    VIOL   RVIOL
    1  16449  74V 161L CA  CA    575 1299    7.81    7.00    0.81    8.05    7.00    0.81    8.05


report______> Distribution of short non-bonded contacts:


DISTANCE1:  0.00 2.10 2.20 2.30 2.40 2.50 2.60 2.70 2.80 2.90 3.00 3.10 3.20 3.30 3.40
DISTANCE2:  2.10 2.20 2.30 2.40 2.50 2.60 2.70 2.80 2.90 3.00 3.10 3.20 3.30 3.40 3.50
FREQUENCY:     0    0    0    0    0   11   14   70  110  142  137  177  257  263  250


<< end of ENERGY.
>> Model assessment by SOAP-Peptide score
preppdf_455W> None of the non-bonded terms selected.


>> ENERGY; Differences between the model's features and restraints:
Number of all residues in MODEL                   :      174
Number of all, selected real atoms                :     1395    1395
Number of all, selected pseudo atoms              :        0       0
Number of all static, selected restraints         :    16449   16449
COVALENT_CYS                                      :        F
NONBONDED_SEL_ATOMS                               :        1
Number of non-bonded pairs (excluding 1-2,1-3,1-4):    19865
Dynamic pairs routine                             : 2, NATM x NATM cell sorting
Atomic shift for contacts update (UPDATE_DYNAMIC) :    0.390
LENNARD_JONES_SWITCH                              :    6.500   7.500
COULOMB_JONES_SWITCH                              :    6.500   7.500
RESIDUE_SPAN_RANGE                                :        0   99999
NLOGN_USE                                         :       15
CONTACT_SHELL                                     :    5.800
DYNAMIC_PAIRS,_SPHERE,_COULOMB,_LENNARD,_MODELLER :        T       F       F       F       F
SPHERE_STDV                                       :    0.050
RADII_FACTOR                                      :    0.820
Current energy                                    :        -555.9382




<< end of ENERGY.
SOAP-Peptide score                     :  -555.938171
openf___224_> Open           bcl2a1_pcna.B99990006.pdb
wrpdb___568_> Residues, atoms, selected atoms:      174     1395     1395
openf___224_> Open           bcl2a1_pcna.ini

Dynamically allocated memory at       amaxmodel [B,KiB,MiB]:      4234788    4135.535     4.039
read_mo_297_> Segments, residues, atoms:        2      174     1395
read_mo_298_> Segment:        1     1 A   151 A     1224
read_mo_298_> Segment:        2   142 B   164 B      171
randomi_498_> Atoms,selected atoms,random_seed,amplitude:     1395     1395        1        4.0000
randomi_496_> Amplitude is > 0; randomization is done.
pick_re_612_> Number of MODEL atoms, selected restraints;     1395     8519
pick_re_612_> Number of MODEL atoms, selected restraints;     1395    10020
pick_re_612_> Number of MODEL atoms, selected restraints;     1395    10752
pick_re_612_> Number of MODEL atoms, selected restraints;     1395    11533
pick_re_612_> Number of MODEL atoms, selected restraints;     1395    11916
pick_re_612_> Number of MODEL atoms, selected restraints;     1395    12436
pick_re_612_> Number of MODEL atoms, selected restraints;     1395    13441
pick_re_612_> Number of MODEL atoms, selected restraints;     1395    14574
pick_re_612_> Number of MODEL atoms, selected restraints;     1395    16080
pick_re_612_> Number of MODEL atoms, selected restraints;     1395    16449
iupac_m_486_> OE1/2 will be swapped:     -103.9330        5     5
iupac_m_483_> CD1/2 CE1/2 swapped:     -108.2421       10    10
iupac_m_397W> Atoms were not swapped because of the uncertainty of how to handle the H atom.
iupac_m_487_> NH1/2 swapped:     -178.0860      105   105
iupac_m_483_> CD1/2 CE1/2 swapped:       96.7072      115   115
iupac_m_397W> Atoms were not swapped because of the uncertainty of how to handle the H atom.
iupac_m_483_> CD1/2 CE1/2 swapped:      -93.1603      120   120
iupac_m_397W> Atoms were not swapped because of the uncertainty of how to handle the H atom.
iupac_m_483_> CD1/2 CE1/2 swapped:      -95.0495      148   148
iupac_m_397W> Atoms were not swapped because of the uncertainty of how to handle the H atom.
iupac_m_486_> OE1/2 will be swapped:      167.8829      153   143
iupac_m_483_> CD1/2 CE1/2 swapped:       90.4271      154   144
iupac_m_397W> Atoms were not swapped because of the uncertainty of how to handle the H atom.
iupac_m_487_> NH1/2 swapped:     -177.3812      159   149


>> ENERGY; Differences between the model's features and restraints:
Number of all residues in MODEL                   :      174
Number of all, selected real atoms                :     1395    1395
Number of all, selected pseudo atoms              :        0       0
Number of all static, selected restraints         :    16449   16449
COVALENT_CYS                                      :        F
NONBONDED_SEL_ATOMS                               :        1
Number of non-bonded pairs (excluding 1-2,1-3,1-4):     3229
Dynamic pairs routine                             : 2, NATM x NATM cell sorting
Atomic shift for contacts update (UPDATE_DYNAMIC) :    0.390
LENNARD_JONES_SWITCH                              :    6.500   7.500
COULOMB_JONES_SWITCH                              :    6.500   7.500
RESIDUE_SPAN_RANGE                                :        0   99999
NLOGN_USE                                         :       15
CONTACT_SHELL                                     :    4.000
DYNAMIC_PAIRS,_SPHERE,_COULOMB,_LENNARD,_MODELLER :        T       T       F       F       F
SPHERE_STDV                                       :    0.050
RADII_FACTOR                                      :    0.820
Current energy                                    :         790.5414





Summary of the restraint violations: 

   NUM     ... number of restraints.
   NUMVI   ... number of restraints with RVIOL > VIOL_REPORT_CUT[i].
   RVIOL   ... relative difference from the best value.
   NUMVP   ... number of restraints with -Ln(pdf) > VIOL_REPORT_CUT2[i].
   RMS_1   ... RMS(feature, minimally_violated_basis_restraint, NUMB).
   RMS_2   ... RMS(feature, best_value, NUMB).
   MOL.PDF ... scaled contribution to -Ln(Molecular pdf).

 #                     RESTRAINT_GROUP      NUM   NUMVI  NUMVP   RMS_1   RMS_2         MOL.PDF     S_i
------------------------------------------------------------------------------------------------------
 1 Bond length potential              :    1421       0      0   0.005   0.005      10.314       1.000
 2 Bond angle potential               :    1918       0      6   1.961   1.961      147.30       1.000
 3 Stereochemical cosine torsion poten:     906       0      8  42.040  42.040      251.40       1.000
 4 Stereochemical improper torsion pot:     588       0      0   1.296   1.296      19.573       1.000
 5 Soft-sphere overlap restraints     :    3229       0      0   0.001   0.001     0.57607       1.000
 6 Lennard-Jones 6-12 potential       :       0       0      0   0.000   0.000      0.0000       1.000
 7 Coulomb point-point electrostatic p:       0       0      0   0.000   0.000      0.0000       1.000
 8 H-bonding potential                :       0       0      0   0.000   0.000      0.0000       1.000
 9 Distance restraints 1 (CA-CA)      :    3414       0      0   0.109   0.109      47.393       1.000
10 Distance restraints 2 (N-O)        :    3340       0      1   0.146   0.146      66.744       1.000
11 Mainchain Phi dihedral restraints  :       0       0      0   0.000   0.000      0.0000       1.000
12 Mainchain Psi dihedral restraints  :       0       0      0   0.000   0.000      0.0000       1.000
13 Mainchain Omega dihedral restraints:     172       0      3   4.186   4.186      35.550       1.000
14 Sidechain Chi_1 dihedral restraints:     153       0      1  56.322  56.322      17.165       1.000
15 Sidechain Chi_2 dihedral restraints:     116       0      1  65.284  65.284      32.444       1.000
16 Sidechain Chi_3 dihedral restraints:      51       0      0  61.270  61.270      32.894       1.000
17 Sidechain Chi_4 dihedral restraints:      20       0      0  95.202  95.202      12.286       1.000
18 Disulfide distance restraints      :       0       0      0   0.000   0.000      0.0000       1.000
19 Disulfide angle restraints         :       0       0      0   0.000   0.000      0.0000       1.000
20 Disulfide dihedral angle restraints:       0       0      0   0.000   0.000      0.0000       1.000
21 Lower bound distance restraints    :       0       0      0   0.000   0.000      0.0000       1.000
22 Upper bound distance restraints    :       0       0      0   0.000   0.000      0.0000       1.000
23 Distance restraints 3 (SDCH-MNCH)  :    2458       0      0   0.386   0.386      56.269       1.000
24 Sidechain Chi_5 dihedral restraints:       0       0      0   0.000   0.000      0.0000       1.000
25 Phi/Psi pair of dihedral restraints:     170       3     11  17.031  25.492     -96.810       1.000
26 Distance restraints 4 (SDCH-SDCH)  :    1721       0      1   0.741   0.741      139.02       1.000
27 Distance restraints 5 (X-Y)        :       1       1      1   0.790   0.790      18.416       1.000
28 NMR distance restraints 6 (X-Y)    :       0       0      0   0.000   0.000      0.0000       1.000
29 NMR distance restraints 7 (X-Y)    :       0       0      0   0.000   0.000      0.0000       1.000
30 Minimal distance restraints        :       0       0      0   0.000   0.000      0.0000       1.000
31 Non-bonded restraints              :       0       0      0   0.000   0.000      0.0000       1.000
32 Atomic accessibility restraints    :       0       0      0   0.000   0.000      0.0000       1.000
33 Atomic density restraints          :       0       0      0   0.000   0.000      0.0000       1.000
34 Absolute position restraints       :       0       0      0   0.000   0.000      0.0000       1.000
35 Dihedral angle difference restraint:       0       0      0   0.000   0.000      0.0000       1.000
36 GBSA implicit solvent potential    :       0       0      0   0.000   0.000      0.0000       1.000
37 EM density fitting potential       :       0       0      0   0.000   0.000      0.0000       1.000
38 SAXS restraints                    :       0       0      0   0.000   0.000      0.0000       1.000
39 Symmetry restraints                :       0       0      0   0.000   0.000      0.0000       1.000



openf___224_> Open           bcl2a1_pcna.V99990007
# Heavy relative violation of each residue is written to: bcl2a1_pcna.V99990007
# The profile is NOT normalized by the number of restraints.
# The profiles are smoothed over a window of residues:    1
# The sum of all numbers in the file:   13862.9336



List of the violated restraints:
   A restraint is violated when the relative difference
   from the best value (RVIOL) is larger than CUTOFF.

   ICSR   ... index of a restraint in the current set.
   RESNO  ... residue numbers of the first two atoms.
   ATM    ... IUPAC atom names of the first two atoms.
   FEAT   ... the value of the feature in the model.
   restr  ... the mean of the basis restraint with the smallest
              difference from the model (local minimum).
   viol   ... difference from the local minimum.
   rviol  ... relative difference from the local minimum.
   RESTR  ... the best value (global minimum).
   VIOL   ... difference from the best value.
   RVIOL  ... relative difference from the best value.


-------------------------------------------------------------------------------------------------

Feature 25                           : Phi/Psi pair of dihedral restraints     
List of the RVIOL violations larger than   :       6.5000

    #   ICSR  RESNO1/2 ATM1/2   INDATM1/2    FEAT   restr    viol   rviol   RESTR    VIOL   RVIOL
    1   4858  25Q  26P C   N     208  210  -59.03  -58.70    4.03    0.36  -64.50  178.37   13.60
    1         26P  26P N   CA    210  211  -34.52  -30.50                  147.20
    2   4859  26P  27G C   N     215  217  -58.32 -167.20  110.58    2.60   78.70  137.02    6.92
    2         27G  27G N   CA    217  218 -166.05  174.60                 -166.10
    3   4982 149E 150P C   N    1206 1208  -54.97  -58.70   34.92    2.59  -64.50  147.89   11.55
    3        150P 150P N   CA   1208 1209  -65.22  -30.50                  147.20

-------------------------------------------------------------------------------------------------

Feature 27                           : Distance restraints 5 (X-Y)             
List of the RVIOL violations larger than   :       4.5000

    #   ICSR  RESNO1/2 ATM1/2   INDATM1/2    FEAT   restr    viol   rviol   RESTR    VIOL   RVIOL
    1  16449  74V 161L CA  CA    575 1299    7.79    7.00    0.79    7.90    7.00    0.79    7.90


report______> Distribution of short non-bonded contacts:


DISTANCE1:  0.00 2.10 2.20 2.30 2.40 2.50 2.60 2.70 2.80 2.90 3.00 3.10 3.20 3.30 3.40
DISTANCE2:  2.10 2.20 2.30 2.40 2.50 2.60 2.70 2.80 2.90 3.00 3.10 3.20 3.30 3.40 3.50
FREQUENCY:     0    0    0    0    0    9   12   55  115  136  127  168  259  280  249


<< end of ENERGY.
>> Model assessment by SOAP-Peptide score
preppdf_455W> None of the non-bonded terms selected.


>> ENERGY; Differences between the model's features and restraints:
Number of all residues in MODEL                   :      174
Number of all, selected real atoms                :     1395    1395
Number of all, selected pseudo atoms              :        0       0
Number of all static, selected restraints         :    16449   16449
COVALENT_CYS                                      :        F
NONBONDED_SEL_ATOMS                               :        1
Number of non-bonded pairs (excluding 1-2,1-3,1-4):    19768
Dynamic pairs routine                             : 2, NATM x NATM cell sorting
Atomic shift for contacts update (UPDATE_DYNAMIC) :    0.390
LENNARD_JONES_SWITCH                              :    6.500   7.500
COULOMB_JONES_SWITCH                              :    6.500   7.500
RESIDUE_SPAN_RANGE                                :        0   99999
NLOGN_USE                                         :       15
CONTACT_SHELL                                     :    5.800
DYNAMIC_PAIRS,_SPHERE,_COULOMB,_LENNARD,_MODELLER :        T       F       F       F       F
SPHERE_STDV                                       :    0.050
RADII_FACTOR                                      :    0.820
Current energy                                    :        -346.1622




<< end of ENERGY.
SOAP-Peptide score                     :  -346.162231
openf___224_> Open           bcl2a1_pcna.B99990007.pdb
wrpdb___568_> Residues, atoms, selected atoms:      174     1395     1395
openf___224_> Open           bcl2a1_pcna.ini

Dynamically allocated memory at       amaxmodel [B,KiB,MiB]:      4234788    4135.535     4.039
read_mo_297_> Segments, residues, atoms:        2      174     1395
read_mo_298_> Segment:        1     1 A   151 A     1224
read_mo_298_> Segment:        2   142 B   164 B      171
randomi_498_> Atoms,selected atoms,random_seed,amplitude:     1395     1395        1        4.0000
randomi_496_> Amplitude is > 0; randomization is done.
pick_re_612_> Number of MODEL atoms, selected restraints;     1395     8519
pick_re_612_> Number of MODEL atoms, selected restraints;     1395    10020
pick_re_612_> Number of MODEL atoms, selected restraints;     1395    10752
pick_re_612_> Number of MODEL atoms, selected restraints;     1395    11533
pick_re_612_> Number of MODEL atoms, selected restraints;     1395    11916
pick_re_612_> Number of MODEL atoms, selected restraints;     1395    12436
pick_re_612_> Number of MODEL atoms, selected restraints;     1395    13441
pick_re_612_> Number of MODEL atoms, selected restraints;     1395    14574
pick_re_612_> Number of MODEL atoms, selected restraints;     1395    16080
pick_re_612_> Number of MODEL atoms, selected restraints;     1395    16449
iupac_m_486_> OE1/2 will be swapped:      113.3465        5     5
iupac_m_487_> NH1/2 swapped:      175.3739       68    68
iupac_m_487_> NH1/2 swapped:      175.5257       88    88
iupac_m_487_> NH1/2 swapped:      178.5056      105   105
iupac_m_486_> OE1/2 will be swapped:      -98.0845      132   132
iupac_m_483_> CD1/2 CE1/2 swapped:      -95.8391      148   148
iupac_m_397W> Atoms were not swapped because of the uncertainty of how to handle the H atom.
iupac_m_486_> OE1/2 will be swapped:     -129.8770      153   143
iupac_m_487_> NH1/2 swapped:      179.4619      156   146


>> ENERGY; Differences between the model's features and restraints:
Number of all residues in MODEL                   :      174
Number of all, selected real atoms                :     1395    1395
Number of all, selected pseudo atoms              :        0       0
Number of all static, selected restraints         :    16449   16449
COVALENT_CYS                                      :        F
NONBONDED_SEL_ATOMS                               :        1
Number of non-bonded pairs (excluding 1-2,1-3,1-4):     3181
Dynamic pairs routine                             : 2, NATM x NATM cell sorting
Atomic shift for contacts update (UPDATE_DYNAMIC) :    0.390
LENNARD_JONES_SWITCH                              :    6.500   7.500
COULOMB_JONES_SWITCH                              :    6.500   7.500
RESIDUE_SPAN_RANGE                                :        0   99999
NLOGN_USE                                         :       15
CONTACT_SHELL                                     :    4.000
DYNAMIC_PAIRS,_SPHERE,_COULOMB,_LENNARD,_MODELLER :        T       T       F       F       F
SPHERE_STDV                                       :    0.050
RADII_FACTOR                                      :    0.820
Current energy                                    :         700.1890





Summary of the restraint violations: 

   NUM     ... number of restraints.
   NUMVI   ... number of restraints with RVIOL > VIOL_REPORT_CUT[i].
   RVIOL   ... relative difference from the best value.
   NUMVP   ... number of restraints with -Ln(pdf) > VIOL_REPORT_CUT2[i].
   RMS_1   ... RMS(feature, minimally_violated_basis_restraint, NUMB).
   RMS_2   ... RMS(feature, best_value, NUMB).
   MOL.PDF ... scaled contribution to -Ln(Molecular pdf).

 #                     RESTRAINT_GROUP      NUM   NUMVI  NUMVP   RMS_1   RMS_2         MOL.PDF     S_i
------------------------------------------------------------------------------------------------------
 1 Bond length potential              :    1421       0      0   0.005   0.005      9.3299       1.000
 2 Bond angle potential               :    1918       0      4   1.846   1.846      132.01       1.000
 3 Stereochemical cosine torsion poten:     906       0     10  42.402  42.402      248.18       1.000
 4 Stereochemical improper torsion pot:     588       0      0   1.173   1.173      16.282       1.000
 5 Soft-sphere overlap restraints     :    3181       0      0   0.001   0.001     0.66814       1.000
 6 Lennard-Jones 6-12 potential       :       0       0      0   0.000   0.000      0.0000       1.000
 7 Coulomb point-point electrostatic p:       0       0      0   0.000   0.000      0.0000       1.000
 8 H-bonding potential                :       0       0      0   0.000   0.000      0.0000       1.000
 9 Distance restraints 1 (CA-CA)      :    3414       0      0   0.095   0.095      36.444       1.000
10 Distance restraints 2 (N-O)        :    3340       0      0   0.128   0.128      57.120       1.000
11 Mainchain Phi dihedral restraints  :       0       0      0   0.000   0.000      0.0000       1.000
12 Mainchain Psi dihedral restraints  :       0       0      0   0.000   0.000      0.0000       1.000
13 Mainchain Omega dihedral restraints:     172       0      1   3.814   3.814      29.504       1.000
14 Sidechain Chi_1 dihedral restraints:     153       0      2  55.514  55.514      5.3832       1.000
15 Sidechain Chi_2 dihedral restraints:     116       0      1  55.609  55.609      27.474       1.000
16 Sidechain Chi_3 dihedral restraints:      51       0      0  67.818  67.818      36.838       1.000
17 Sidechain Chi_4 dihedral restraints:      20       0      0  94.605  94.605      13.031       1.000
18 Disulfide distance restraints      :       0       0      0   0.000   0.000      0.0000       1.000
19 Disulfide angle restraints         :       0       0      0   0.000   0.000      0.0000       1.000
20 Disulfide dihedral angle restraints:       0       0      0   0.000   0.000      0.0000       1.000
21 Lower bound distance restraints    :       0       0      0   0.000   0.000      0.0000       1.000
22 Upper bound distance restraints    :       0       0      0   0.000   0.000      0.0000       1.000
23 Distance restraints 3 (SDCH-MNCH)  :    2458       0      0   0.399   0.399      51.212       1.000
24 Sidechain Chi_5 dihedral restraints:       0       0      0   0.000   0.000      0.0000       1.000
25 Phi/Psi pair of dihedral restraints:     170       0      8  14.931  15.384     -103.80       1.000
26 Distance restraints 4 (SDCH-SDCH)  :    1721       0      3   0.689   0.689      121.58       1.000
27 Distance restraints 5 (X-Y)        :       1       1      1   0.801   0.801      18.931       1.000
28 NMR distance restraints 6 (X-Y)    :       0       0      0   0.000   0.000      0.0000       1.000
29 NMR distance restraints 7 (X-Y)    :       0       0      0   0.000   0.000      0.0000       1.000
30 Minimal distance restraints        :       0       0      0   0.000   0.000      0.0000       1.000
31 Non-bonded restraints              :       0       0      0   0.000   0.000      0.0000       1.000
32 Atomic accessibility restraints    :       0       0      0   0.000   0.000      0.0000       1.000
33 Atomic density restraints          :       0       0      0   0.000   0.000      0.0000       1.000
34 Absolute position restraints       :       0       0      0   0.000   0.000      0.0000       1.000
35 Dihedral angle difference restraint:       0       0      0   0.000   0.000      0.0000       1.000
36 GBSA implicit solvent potential    :       0       0      0   0.000   0.000      0.0000       1.000
37 EM density fitting potential       :       0       0      0   0.000   0.000      0.0000       1.000
38 SAXS restraints                    :       0       0      0   0.000   0.000      0.0000       1.000
39 Symmetry restraints                :       0       0      0   0.000   0.000      0.0000       1.000



openf___224_> Open           bcl2a1_pcna.V99990008
# Heavy relative violation of each residue is written to: bcl2a1_pcna.V99990008
# The profile is NOT normalized by the number of restraints.
# The profiles are smoothed over a window of residues:    1
# The sum of all numbers in the file:   12771.0547



List of the violated restraints:
   A restraint is violated when the relative difference
   from the best value (RVIOL) is larger than CUTOFF.

   ICSR   ... index of a restraint in the current set.
   RESNO  ... residue numbers of the first two atoms.
   ATM    ... IUPAC atom names of the first two atoms.
   FEAT   ... the value of the feature in the model.
   restr  ... the mean of the basis restraint with the smallest
              difference from the model (local minimum).
   viol   ... difference from the local minimum.
   rviol  ... relative difference from the local minimum.
   RESTR  ... the best value (global minimum).
   VIOL   ... difference from the best value.
   RVIOL  ... relative difference from the best value.


-------------------------------------------------------------------------------------------------

Feature 27                           : Distance restraints 5 (X-Y)             
List of the RVIOL violations larger than   :       4.5000

    #   ICSR  RESNO1/2 ATM1/2   INDATM1/2    FEAT   restr    viol   rviol   RESTR    VIOL   RVIOL
    1  16449  74V 161L CA  CA    575 1299    7.80    7.00    0.80    8.01    7.00    0.80    8.01


report______> Distribution of short non-bonded contacts:


DISTANCE1:  0.00 2.10 2.20 2.30 2.40 2.50 2.60 2.70 2.80 2.90 3.00 3.10 3.20 3.30 3.40
DISTANCE2:  2.10 2.20 2.30 2.40 2.50 2.60 2.70 2.80 2.90 3.00 3.10 3.20 3.30 3.40 3.50
FREQUENCY:     0    0    0    0    0    5   18   51  114  129  133  178  258  271  265


<< end of ENERGY.
>> Model assessment by SOAP-Peptide score
preppdf_455W> None of the non-bonded terms selected.


>> ENERGY; Differences between the model's features and restraints:
Number of all residues in MODEL                   :      174
Number of all, selected real atoms                :     1395    1395
Number of all, selected pseudo atoms              :        0       0
Number of all static, selected restraints         :    16449   16449
COVALENT_CYS                                      :        F
NONBONDED_SEL_ATOMS                               :        1
Number of non-bonded pairs (excluding 1-2,1-3,1-4):    19678
Dynamic pairs routine                             : 2, NATM x NATM cell sorting
Atomic shift for contacts update (UPDATE_DYNAMIC) :    0.390
LENNARD_JONES_SWITCH                              :    6.500   7.500
COULOMB_JONES_SWITCH                              :    6.500   7.500
RESIDUE_SPAN_RANGE                                :        0   99999
NLOGN_USE                                         :       15
CONTACT_SHELL                                     :    5.800
DYNAMIC_PAIRS,_SPHERE,_COULOMB,_LENNARD,_MODELLER :        T       F       F       F       F
SPHERE_STDV                                       :    0.050
RADII_FACTOR                                      :    0.820
Current energy                                    :        -532.0697




<< end of ENERGY.
SOAP-Peptide score                     :  -532.069702
openf___224_> Open           bcl2a1_pcna.B99990008.pdb
wrpdb___568_> Residues, atoms, selected atoms:      174     1395     1395
openf___224_> Open           bcl2a1_pcna.ini

Dynamically allocated memory at       amaxmodel [B,KiB,MiB]:      4234788    4135.535     4.039
read_mo_297_> Segments, residues, atoms:        2      174     1395
read_mo_298_> Segment:        1     1 A   151 A     1224
read_mo_298_> Segment:        2   142 B   164 B      171
randomi_498_> Atoms,selected atoms,random_seed,amplitude:     1395     1395        1        4.0000
randomi_496_> Amplitude is > 0; randomization is done.
pick_re_612_> Number of MODEL atoms, selected restraints;     1395     8519
pick_re_612_> Number of MODEL atoms, selected restraints;     1395    10020
pick_re_612_> Number of MODEL atoms, selected restraints;     1395    10752
pick_re_612_> Number of MODEL atoms, selected restraints;     1395    11533
pick_re_612_> Number of MODEL atoms, selected restraints;     1395    11916
pick_re_612_> Number of MODEL atoms, selected restraints;     1395    12436
pick_re_612_> Number of MODEL atoms, selected restraints;     1395    13441
pick_re_612_> Number of MODEL atoms, selected restraints;     1395    14574
pick_re_612_> Number of MODEL atoms, selected restraints;     1395    16080
pick_re_612_> Number of MODEL atoms, selected restraints;     1395    16449
iupac_m_487_> NH1/2 swapped:      176.1394       11    11
iupac_m_487_> NH1/2 swapped:     -177.2501       35    35
iupac_m_486_> OE1/2 will be swapped:     -125.9881       76    76
iupac_m_486_> OE1/2 will be swapped:     -178.1394       80    80
iupac_m_487_> NH1/2 swapped:     -175.0321       88    88
iupac_m_486_> OE1/2 will be swapped:     -153.4424       96    96
iupac_m_487_> NH1/2 swapped:     -179.0849      105   105
iupac_m_485_> OD1/2 will be swapped:     -116.6992      113   113
iupac_m_483_> CD1/2 CE1/2 swapped:       90.6278      115   115
iupac_m_397W> Atoms were not swapped because of the uncertainty of how to handle the H atom.
iupac_m_484W> Dihedral still outside +-90:      -90.5588
iupac_m_486_> OE1/2 will be swapped:      108.1712      141   141
iupac_m_483_> CD1/2 CE1/2 swapped:      -98.6298      148   148
iupac_m_397W> Atoms were not swapped because of the uncertainty of how to handle the H atom.
iupac_m_487_> NH1/2 swapped:      179.4335      156   146
iupac_m_487_> NH1/2 swapped:     -178.3639      159   149
iupac_m_485_> OD1/2 will be swapped:      162.4478      160   150


>> ENERGY; Differences between the model's features and restraints:
Number of all residues in MODEL                   :      174
Number of all, selected real atoms                :     1395    1395
Number of all, selected pseudo atoms              :        0       0
Number of all static, selected restraints         :    16449   16449
COVALENT_CYS                                      :        F
NONBONDED_SEL_ATOMS                               :        1
Number of non-bonded pairs (excluding 1-2,1-3,1-4):     3277
Dynamic pairs routine                             : 2, NATM x NATM cell sorting
Atomic shift for contacts update (UPDATE_DYNAMIC) :    0.390
LENNARD_JONES_SWITCH                              :    6.500   7.500
COULOMB_JONES_SWITCH                              :    6.500   7.500
RESIDUE_SPAN_RANGE                                :        0   99999
NLOGN_USE                                         :       15
CONTACT_SHELL                                     :    4.000
DYNAMIC_PAIRS,_SPHERE,_COULOMB,_LENNARD,_MODELLER :        T       T       F       F       F
SPHERE_STDV                                       :    0.050
RADII_FACTOR                                      :    0.820
Current energy                                    :         758.7869





Summary of the restraint violations: 

   NUM     ... number of restraints.
   NUMVI   ... number of restraints with RVIOL > VIOL_REPORT_CUT[i].
   RVIOL   ... relative difference from the best value.
   NUMVP   ... number of restraints with -Ln(pdf) > VIOL_REPORT_CUT2[i].
   RMS_1   ... RMS(feature, minimally_violated_basis_restraint, NUMB).
   RMS_2   ... RMS(feature, best_value, NUMB).
   MOL.PDF ... scaled contribution to -Ln(Molecular pdf).

 #                     RESTRAINT_GROUP      NUM   NUMVI  NUMVP   RMS_1   RMS_2         MOL.PDF     S_i
------------------------------------------------------------------------------------------------------
 1 Bond length potential              :    1421       0      0   0.005   0.005      10.924       1.000
 2 Bond angle potential               :    1918       0      5   1.815   1.815      129.07       1.000
 3 Stereochemical cosine torsion poten:     906       0     13  42.165  42.165      245.63       1.000
 4 Stereochemical improper torsion pot:     588       0      0   1.151   1.151      16.407       1.000
 5 Soft-sphere overlap restraints     :    3277       0      0   0.002   0.002      1.2071       1.000
 6 Lennard-Jones 6-12 potential       :       0       0      0   0.000   0.000      0.0000       1.000
 7 Coulomb point-point electrostatic p:       0       0      0   0.000   0.000      0.0000       1.000
 8 H-bonding potential                :       0       0      0   0.000   0.000      0.0000       1.000
 9 Distance restraints 1 (CA-CA)      :    3414       0      0   0.102   0.102      43.634       1.000
10 Distance restraints 2 (N-O)        :    3340       3     10   0.179   0.179      117.01       1.000
11 Mainchain Phi dihedral restraints  :       0       0      0   0.000   0.000      0.0000       1.000
12 Mainchain Psi dihedral restraints  :       0       0      0   0.000   0.000      0.0000       1.000
13 Mainchain Omega dihedral restraints:     172       0      1   3.968   3.968      31.938       1.000
14 Sidechain Chi_1 dihedral restraints:     153       0      0  50.726  50.726     0.69502       1.000
15 Sidechain Chi_2 dihedral restraints:     116       0      0  61.763  61.763      23.865       1.000
16 Sidechain Chi_3 dihedral restraints:      51       0      0  51.659  51.659      30.424       1.000
17 Sidechain Chi_4 dihedral restraints:      20       0      0 110.594 110.594      13.998       1.000
18 Disulfide distance restraints      :       0       0      0   0.000   0.000      0.0000       1.000
19 Disulfide angle restraints         :       0       0      0   0.000   0.000      0.0000       1.000
20 Disulfide dihedral angle restraints:       0       0      0   0.000   0.000      0.0000       1.000
21 Lower bound distance restraints    :       0       0      0   0.000   0.000      0.0000       1.000
22 Upper bound distance restraints    :       0       0      0   0.000   0.000      0.0000       1.000
23 Distance restraints 3 (SDCH-MNCH)  :    2458       0      0   0.334   0.334      46.834       1.000
24 Sidechain Chi_5 dihedral restraints:       0       0      0   0.000   0.000      0.0000       1.000
25 Phi/Psi pair of dihedral restraints:     170       2     10  16.451  21.767     -84.713       1.000
26 Distance restraints 4 (SDCH-SDCH)  :    1721       0      0   0.662   0.662      113.64       1.000
27 Distance restraints 5 (X-Y)        :       1       1      1   0.786   0.786      18.226       1.000
28 NMR distance restraints 6 (X-Y)    :       0       0      0   0.000   0.000      0.0000       1.000
29 NMR distance restraints 7 (X-Y)    :       0       0      0   0.000   0.000      0.0000       1.000
30 Minimal distance restraints        :       0       0      0   0.000   0.000      0.0000       1.000
31 Non-bonded restraints              :       0       0      0   0.000   0.000      0.0000       1.000
32 Atomic accessibility restraints    :       0       0      0   0.000   0.000      0.0000       1.000
33 Atomic density restraints          :       0       0      0   0.000   0.000      0.0000       1.000
34 Absolute position restraints       :       0       0      0   0.000   0.000      0.0000       1.000
35 Dihedral angle difference restraint:       0       0      0   0.000   0.000      0.0000       1.000
36 GBSA implicit solvent potential    :       0       0      0   0.000   0.000      0.0000       1.000
37 EM density fitting potential       :       0       0      0   0.000   0.000      0.0000       1.000
38 SAXS restraints                    :       0       0      0   0.000   0.000      0.0000       1.000
39 Symmetry restraints                :       0       0      0   0.000   0.000      0.0000       1.000



openf___224_> Open           bcl2a1_pcna.V99990009
# Heavy relative violation of each residue is written to: bcl2a1_pcna.V99990009
# The profile is NOT normalized by the number of restraints.
# The profiles are smoothed over a window of residues:    1
# The sum of all numbers in the file:   12927.4141



List of the violated restraints:
   A restraint is violated when the relative difference
   from the best value (RVIOL) is larger than CUTOFF.

   ICSR   ... index of a restraint in the current set.
   RESNO  ... residue numbers of the first two atoms.
   ATM    ... IUPAC atom names of the first two atoms.
   FEAT   ... the value of the feature in the model.
   restr  ... the mean of the basis restraint with the smallest
              difference from the model (local minimum).
   viol   ... difference from the local minimum.
   rviol  ... relative difference from the local minimum.
   RESTR  ... the best value (global minimum).
   VIOL   ... difference from the best value.
   RVIOL  ... relative difference from the best value.


-------------------------------------------------------------------------------------------------

Feature 10                           : Distance restraints 2 (N-O)             
List of the RVIOL violations larger than   :       4.5000

    #   ICSR  RESNO1/2 ATM1/2   INDATM1/2    FEAT   restr    viol   rviol   RESTR    VIOL   RVIOL
    1  11726 144F 137N N   O    1152 1108    7.32    5.15    2.17    4.67    5.15    2.17    4.67
    2  11779 147K 137N N   O    1179 1108   10.57    8.20    2.37    4.62    8.20    2.37    4.62
    3  11799 148F 137N N   O    1188 1108   12.70   10.24    2.46    4.92   10.24    2.46    4.92

-------------------------------------------------------------------------------------------------

Feature 25                           : Phi/Psi pair of dihedral restraints     
List of the RVIOL violations larger than   :       6.5000

    #   ICSR  RESNO1/2 ATM1/2   INDATM1/2    FEAT   restr    viol   rviol   RESTR    VIOL   RVIOL
    1   4969 136Q 137N C   N    1099 1101  -79.38 -119.90   85.95    4.59  -63.20  107.33   14.33
    1        137N 137N N   CA   1101 1102 -147.20  137.00                  -41.10
    2   4970 137N 138G C   N    1107 1109  -80.22  -62.40   28.32    3.91   82.20  164.77   11.94
    2        138G 138G N   CA   1109 1110  -19.20  -41.20                    8.50

-------------------------------------------------------------------------------------------------

Feature 27                           : Distance restraints 5 (X-Y)             
List of the RVIOL violations larger than   :       4.5000

    #   ICSR  RESNO1/2 ATM1/2   INDATM1/2    FEAT   restr    viol   rviol   RESTR    VIOL   RVIOL
    1  16449  74V 161L CA  CA    575 1299    7.79    7.00    0.79    7.86    7.00    0.79    7.86


report______> Distribution of short non-bonded contacts:


DISTANCE1:  0.00 2.10 2.20 2.30 2.40 2.50 2.60 2.70 2.80 2.90 3.00 3.10 3.20 3.30 3.40
DISTANCE2:  2.10 2.20 2.30 2.40 2.50 2.60 2.70 2.80 2.90 3.00 3.10 3.20 3.30 3.40 3.50
FREQUENCY:     0    0    0    0    0    7   10   68  120  146  121  162  270  276  251


<< end of ENERGY.
>> Model assessment by SOAP-Peptide score
preppdf_455W> None of the non-bonded terms selected.


>> ENERGY; Differences between the model's features and restraints:
Number of all residues in MODEL                   :      174
Number of all, selected real atoms                :     1395    1395
Number of all, selected pseudo atoms              :        0       0
Number of all static, selected restraints         :    16449   16449
COVALENT_CYS                                      :        F
NONBONDED_SEL_ATOMS                               :        1
Number of non-bonded pairs (excluding 1-2,1-3,1-4):    19890
Dynamic pairs routine                             : 2, NATM x NATM cell sorting
Atomic shift for contacts update (UPDATE_DYNAMIC) :    0.390
LENNARD_JONES_SWITCH                              :    6.500   7.500
COULOMB_JONES_SWITCH                              :    6.500   7.500
RESIDUE_SPAN_RANGE                                :        0   99999
NLOGN_USE                                         :       15
CONTACT_SHELL                                     :    5.800
DYNAMIC_PAIRS,_SPHERE,_COULOMB,_LENNARD,_MODELLER :        T       F       F       F       F
SPHERE_STDV                                       :    0.050
RADII_FACTOR                                      :    0.820
Current energy                                    :        -587.0223




<< end of ENERGY.
SOAP-Peptide score                     :  -587.022339
openf___224_> Open           bcl2a1_pcna.B99990009.pdb
wrpdb___568_> Residues, atoms, selected atoms:      174     1395     1395
openf___224_> Open           bcl2a1_pcna.ini

Dynamically allocated memory at       amaxmodel [B,KiB,MiB]:      4234788    4135.535     4.039
read_mo_297_> Segments, residues, atoms:        2      174     1395
read_mo_298_> Segment:        1     1 A   151 A     1224
read_mo_298_> Segment:        2   142 B   164 B      171
randomi_498_> Atoms,selected atoms,random_seed,amplitude:     1395     1395        1        4.0000
randomi_496_> Amplitude is > 0; randomization is done.
pick_re_612_> Number of MODEL atoms, selected restraints;     1395     8519
pick_re_612_> Number of MODEL atoms, selected restraints;     1395    10020
pick_re_612_> Number of MODEL atoms, selected restraints;     1395    10752
pick_re_612_> Number of MODEL atoms, selected restraints;     1395    11533
pick_re_612_> Number of MODEL atoms, selected restraints;     1395    11916
pick_re_612_> Number of MODEL atoms, selected restraints;     1395    12436
pick_re_612_> Number of MODEL atoms, selected restraints;     1395    13441
pick_re_612_> Number of MODEL atoms, selected restraints;     1395    14574
pick_re_612_> Number of MODEL atoms, selected restraints;     1395    16080
pick_re_612_> Number of MODEL atoms, selected restraints;     1395    16449
iupac_m_486_> OE1/2 will be swapped:      142.5964        5     5
iupac_m_485_> OD1/2 will be swapped:      122.6535       57    57
iupac_m_486_> OE1/2 will be swapped:     -180.0000       76    76
iupac_m_486_> OE1/2 will be swapped:     -132.0119       80    80
iupac_m_487_> NH1/2 swapped:      173.3727       88    88
iupac_m_486_> OE1/2 will be swapped:       99.6226       96    96
iupac_m_485_> OD1/2 will be swapped:     -131.4328      111   111
iupac_m_486_> OE1/2 will be swapped:     -162.9301      117   117
iupac_m_487_> NH1/2 swapped:     -178.2166      135   135
iupac_m_483_> CD1/2 CE1/2 swapped:      -96.3789      148   148
iupac_m_397W> Atoms were not swapped because of the uncertainty of how to handle the H atom.
iupac_m_486_> OE1/2 will be swapped:      162.6074      153   143
iupac_m_483_> CD1/2 CE1/2 swapped:       91.6633      154   144
iupac_m_397W> Atoms were not swapped because of the uncertainty of how to handle the H atom.


>> ENERGY; Differences between the model's features and restraints:
Number of all residues in MODEL                   :      174
Number of all, selected real atoms                :     1395    1395
Number of all, selected pseudo atoms              :        0       0
Number of all static, selected restraints         :    16449   16449
COVALENT_CYS                                      :        F
NONBONDED_SEL_ATOMS                               :        1
Number of non-bonded pairs (excluding 1-2,1-3,1-4):     3200
Dynamic pairs routine                             : 2, NATM x NATM cell sorting
Atomic shift for contacts update (UPDATE_DYNAMIC) :    0.390
LENNARD_JONES_SWITCH                              :    6.500   7.500
COULOMB_JONES_SWITCH                              :    6.500   7.500
RESIDUE_SPAN_RANGE                                :        0   99999
NLOGN_USE                                         :       15
CONTACT_SHELL                                     :    4.000
DYNAMIC_PAIRS,_SPHERE,_COULOMB,_LENNARD,_MODELLER :        T       T       F       F       F
SPHERE_STDV                                       :    0.050
RADII_FACTOR                                      :    0.820
Current energy                                    :         624.4335





Summary of the restraint violations: 

   NUM     ... number of restraints.
   NUMVI   ... number of restraints with RVIOL > VIOL_REPORT_CUT[i].
   RVIOL   ... relative difference from the best value.
   NUMVP   ... number of restraints with -Ln(pdf) > VIOL_REPORT_CUT2[i].
   RMS_1   ... RMS(feature, minimally_violated_basis_restraint, NUMB).
   RMS_2   ... RMS(feature, best_value, NUMB).
   MOL.PDF ... scaled contribution to -Ln(Molecular pdf).

 #                     RESTRAINT_GROUP      NUM   NUMVI  NUMVP   RMS_1   RMS_2         MOL.PDF     S_i
------------------------------------------------------------------------------------------------------
 1 Bond length potential              :    1421       0      0   0.005   0.005      8.3683       1.000
 2 Bond angle potential               :    1918       0      4   1.774   1.774      122.75       1.000
 3 Stereochemical cosine torsion poten:     906       0      9  41.987  41.987      243.16       1.000
 4 Stereochemical improper torsion pot:     588       0      0   1.105   1.105      14.826       1.000
 5 Soft-sphere overlap restraints     :    3200       0      0   0.001   0.001     0.75435       1.000
 6 Lennard-Jones 6-12 potential       :       0       0      0   0.000   0.000      0.0000       1.000
 7 Coulomb point-point electrostatic p:       0       0      0   0.000   0.000      0.0000       1.000
 8 H-bonding potential                :       0       0      0   0.000   0.000      0.0000       1.000
 9 Distance restraints 1 (CA-CA)      :    3414       0      0   0.089   0.089      32.187       1.000
10 Distance restraints 2 (N-O)        :    3340       0      0   0.126   0.126      55.048       1.000
11 Mainchain Phi dihedral restraints  :       0       0      0   0.000   0.000      0.0000       1.000
12 Mainchain Psi dihedral restraints  :       0       0      0   0.000   0.000      0.0000       1.000
13 Mainchain Omega dihedral restraints:     172       0      2   3.935   3.935      31.415       1.000
14 Sidechain Chi_1 dihedral restraints:     153       0      1  51.311  51.311     -1.8221       1.000
15 Sidechain Chi_2 dihedral restraints:     116       0      0  53.657  53.657      14.816       1.000
16 Sidechain Chi_3 dihedral restraints:      51       0      0  63.326  63.326      34.131       1.000
17 Sidechain Chi_4 dihedral restraints:      20       0      0  89.456  89.456      13.618       1.000
18 Disulfide distance restraints      :       0       0      0   0.000   0.000      0.0000       1.000
19 Disulfide angle restraints         :       0       0      0   0.000   0.000      0.0000       1.000
20 Disulfide dihedral angle restraints:       0       0      0   0.000   0.000      0.0000       1.000
21 Lower bound distance restraints    :       0       0      0   0.000   0.000      0.0000       1.000
22 Upper bound distance restraints    :       0       0      0   0.000   0.000      0.0000       1.000
23 Distance restraints 3 (SDCH-MNCH)  :    2458       0      0   0.365   0.365      45.065       1.000
24 Sidechain Chi_5 dihedral restraints:       0       0      0   0.000   0.000      0.0000       1.000
25 Phi/Psi pair of dihedral restraints:     170       0      8  14.882  15.526     -105.02       1.000
26 Distance restraints 4 (SDCH-SDCH)  :    1721       0      1   0.608   0.608      96.390       1.000
27 Distance restraints 5 (X-Y)        :       1       1      1   0.797   0.797      18.752       1.000
28 NMR distance restraints 6 (X-Y)    :       0       0      0   0.000   0.000      0.0000       1.000
29 NMR distance restraints 7 (X-Y)    :       0       0      0   0.000   0.000      0.0000       1.000
30 Minimal distance restraints        :       0       0      0   0.000   0.000      0.0000       1.000
31 Non-bonded restraints              :       0       0      0   0.000   0.000      0.0000       1.000
32 Atomic accessibility restraints    :       0       0      0   0.000   0.000      0.0000       1.000
33 Atomic density restraints          :       0       0      0   0.000   0.000      0.0000       1.000
34 Absolute position restraints       :       0       0      0   0.000   0.000      0.0000       1.000
35 Dihedral angle difference restraint:       0       0      0   0.000   0.000      0.0000       1.000
36 GBSA implicit solvent potential    :       0       0      0   0.000   0.000      0.0000       1.000
37 EM density fitting potential       :       0       0      0   0.000   0.000      0.0000       1.000
38 SAXS restraints                    :       0       0      0   0.000   0.000      0.0000       1.000
39 Symmetry restraints                :       0       0      0   0.000   0.000      0.0000       1.000



openf___224_> Open           bcl2a1_pcna.V99990010
# Heavy relative violation of each residue is written to: bcl2a1_pcna.V99990010
# The profile is NOT normalized by the number of restraints.
# The profiles are smoothed over a window of residues:    1
# The sum of all numbers in the file:   11944.4883



List of the violated restraints:
   A restraint is violated when the relative difference
   from the best value (RVIOL) is larger than CUTOFF.

   ICSR   ... index of a restraint in the current set.
   RESNO  ... residue numbers of the first two atoms.
   ATM    ... IUPAC atom names of the first two atoms.
   FEAT   ... the value of the feature in the model.
   restr  ... the mean of the basis restraint with the smallest
              difference from the model (local minimum).
   viol   ... difference from the local minimum.
   rviol  ... relative difference from the local minimum.
   RESTR  ... the best value (global minimum).
   VIOL   ... difference from the best value.
   RVIOL  ... relative difference from the best value.


-------------------------------------------------------------------------------------------------

Feature 27                           : Distance restraints 5 (X-Y)             
List of the RVIOL violations larger than   :       4.5000

    #   ICSR  RESNO1/2 ATM1/2   INDATM1/2    FEAT   restr    viol   rviol   RESTR    VIOL   RVIOL
    1  16449  74V 161L CA  CA    575 1299    7.80    7.00    0.80    7.97    7.00    0.80    7.97


report______> Distribution of short non-bonded contacts:


DISTANCE1:  0.00 2.10 2.20 2.30 2.40 2.50 2.60 2.70 2.80 2.90 3.00 3.10 3.20 3.30 3.40
DISTANCE2:  2.10 2.20 2.30 2.40 2.50 2.60 2.70 2.80 2.90 3.00 3.10 3.20 3.30 3.40 3.50
FREQUENCY:     0    0    0    0    0    9    9   59  106  138  128  178  264  264  229


<< end of ENERGY.
>> Model assessment by SOAP-Peptide score
preppdf_455W> None of the non-bonded terms selected.


>> ENERGY; Differences between the model's features and restraints:
Number of all residues in MODEL                   :      174
Number of all, selected real atoms                :     1395    1395
Number of all, selected pseudo atoms              :        0       0
Number of all static, selected restraints         :    16449   16449
COVALENT_CYS                                      :        F
NONBONDED_SEL_ATOMS                               :        1
Number of non-bonded pairs (excluding 1-2,1-3,1-4):    19828
Dynamic pairs routine                             : 2, NATM x NATM cell sorting
Atomic shift for contacts update (UPDATE_DYNAMIC) :    0.390
LENNARD_JONES_SWITCH                              :    6.500   7.500
COULOMB_JONES_SWITCH                              :    6.500   7.500
RESIDUE_SPAN_RANGE                                :        0   99999
NLOGN_USE                                         :       15
CONTACT_SHELL                                     :    5.800
DYNAMIC_PAIRS,_SPHERE,_COULOMB,_LENNARD,_MODELLER :        T       F       F       F       F
SPHERE_STDV                                       :    0.050
RADII_FACTOR                                      :    0.820
Current energy                                    :        -599.2559




<< end of ENERGY.
SOAP-Peptide score                     :  -599.255920
openf___224_> Open           bcl2a1_pcna.B99990010.pdb
wrpdb___568_> Residues, atoms, selected atoms:      174     1395     1395

>> Summary of successfully produced models:
Filename                          molpdf SOAP-Peptide score
-----------------------------------------------------------
bcl2a1_pcna.B99990001.pdb      770.35358     -721.31183
bcl2a1_pcna.B99990002.pdb      650.65381     -617.97485
bcl2a1_pcna.B99990003.pdb      737.68768     -664.41760
bcl2a1_pcna.B99990004.pdb      646.42322     -707.84741
bcl2a1_pcna.B99990005.pdb      655.94006     -689.70355
bcl2a1_pcna.B99990006.pdb      710.35968     -555.93817
bcl2a1_pcna.B99990007.pdb      790.54144     -346.16223
bcl2a1_pcna.B99990008.pdb      700.18903     -532.06970
bcl2a1_pcna.B99990009.pdb      758.78693     -587.02234
bcl2a1_pcna.B99990010.pdb      624.43353     -599.25592


Dynamically allocated memory at          finish [B,KiB,MiB]:      4234764    4135.512     4.039
Starting time                                            : 2018/04/03 17:22:48
Closing time                                             : 2018/04/03 17:24:34
Total CPU time [seconds]                                 :     105.77
